user_id,user_name,match_id,home_goals,away_goals
26,gabsi,537327,2,0
26,gabsi,537328,1,1
26,gabsi,537329,0,1
26,gabsi,537330,2,1
26,gabsi,537332,1,1
26,gabsi,537331,1,1
26,gabsi,537333,2,1
26,gabsi,537334,0,2
26,gabsi,537335,0,2
26,gabsi,537336,2,0
26,gabsi,537337,1,1
26,gabsi,537338,2,1
26,gabsi,537339,2,1
26,gabsi,537340,0,2
26,gabsi,537342,1,0
26,gabsi,537341,4,0
26,gabsi,537344,2,0
26,gabsi,537343,2,0
26,gabsi,537345,2,1
26,gabsi,537346,0,2
26,gabsi,537348,2,1
26,gabsi,537347,1,2
26,gabsi,537350,1,1
26,gabsi,537349,1,1
26,gabsi,537351,6,0
26,gabsi,537352,1,1
26,gabsi,537353,2,1
26,gabsi,537354,0,3
26,gabsi,537356,0,3
26,gabsi,537355,2,1
26,gabsi,537357,2,1
26,gabsi,537358,2,0
26,gabsi,537359,1,1
26,gabsi,537360,1,0
26,gabsi,537361,2,0
26,gabsi,537362,1,1
26,gabsi,537363,2,1
26,gabsi,537364,2,0
26,gabsi,537365,2,0
26,gabsi,537366,2,0
26,gabsi,537368,1,0
26,gabsi,537367,2,0
26,gabsi,537369,5,0
26,gabsi,537370,1,2
26,gabsi,537371,3,0
26,gabsi,537372,0,2
26,gabsi,537373,2,1
26,gabsi,537374,1,1
26,gabsi,537391,2,1
26,gabsi,537392,0,3
26,gabsi,537393,3,0
26,gabsi,537394,1,1
26,gabsi,537395,2,1
26,gabsi,537396,2,0
26,gabsi,537397,1,1
26,gabsi,537398,2,0
26,gabsi,537399,2,2
26,gabsi,537400,1,1
26,gabsi,537401,3,0
26,gabsi,537402,0,1
26,gabsi,537403,6,0
26,gabsi,537404,0,2
26,gabsi,537405,4,0
26,gabsi,537406,0,3
26,gabsi,537407,2,1
26,gabsi,537408,1,1
26,gabsi,537409,2,1
26,gabsi,537410,2,1
26,gabsi,537411,2,0
26,gabsi,537412,2,0
26,gabsi,537413,3,0
26,gabsi,537414,1,0
36,dl,537327,2,1
36,dl,537328,2,2
36,dl,537333,1,0
36,dl,537345,1,0
36,dl,537334,0,2
36,dl,537339,2,1
36,dl,537340,0,2
36,dl,537346,0,2
36,dl,537351,5,0
36,dl,537352,0,2
36,dl,537357,2,1
36,dl,537358,1,0
36,dl,537363,1,0
36,dl,537364,2,1
36,dl,537369,4,0
36,dl,537370,0,2
36,dl,537391,3,1
36,dl,537392,0,2
36,dl,537397,2,1
36,dl,537398,3,0
36,dl,537403,3,0
36,dl,537404,0,2
36,dl,537409,1,0
36,dl,537410,2,0
36,dl,537329,0,1
36,dl,537330,2,1
36,dl,537335,0,1
36,dl,537336,0,0
36,dl,537342,2,1
36,dl,537341,4,0
36,dl,537348,2,2
36,dl,537347,2,2
36,dl,537353,2,1
36,dl,537354,0,3
36,dl,537359,2,1
36,dl,537360,2,0
36,dl,537366,1,0
36,dl,537371,3,0
36,dl,537372,1,2
36,dl,537365,2,0
36,dl,537393,6,0
36,dl,537394,1,1
36,dl,537399,2,1
36,dl,537367,3,0
36,dl,537368,1,0
36,dl,537401,3,0
36,dl,537402,1,2
36,dl,537407,2,0
36,dl,537408,2,2
36,dl,537413,3,0
36,dl,537414,1,0
36,dl,537373,1,1
36,dl,537374,1,2
36,dl,537395,1,0
36,dl,537396,2,2
36,dl,537349,1,1
36,dl,537355,1,2
36,dl,537356,1,1
36,dl,537361,2,0
36,dl,537362,3,2
36,dl,537400,2,2
36,dl,537405,3,0
36,dl,537406,1,2
36,dl,537411,1,0
36,dl,537412,2,0
36,dl,537331,2,1
36,dl,537332,0,2
36,dl,537337,1,1
36,dl,537338,3,1
36,dl,537343,3,0
36,dl,537344,2,1
24,rafa castro,537327,3,1
24,rafa castro,537328,0,0
24,rafa castro,537329,0,2
24,rafa castro,537330,0,0
24,rafa castro,537332,0,1
24,rafa castro,537331,2,1
24,rafa castro,537333,1,1
24,rafa castro,537334,0,1
24,rafa castro,537335,1,1
24,rafa castro,537336,3,0
24,rafa castro,537337,1,1
24,rafa castro,537338,3,1
24,rafa castro,537339,2,1
24,rafa castro,537340,0,2
24,rafa castro,537342,2,2
24,rafa castro,537341,4,1
24,rafa castro,537344,2,0
24,rafa castro,537343,3,1
24,rafa castro,537345,2,0
24,rafa castro,537346,0,2
24,rafa castro,537348,2,1
24,rafa castro,537347,1,3
24,rafa castro,537350,2,1
24,rafa castro,537349,2,2
24,rafa castro,537351,3,0
24,rafa castro,537352,2,1
24,rafa castro,537353,2,0
24,rafa castro,537354,0,2
24,rafa castro,537356,0,3
24,rafa castro,537355,3,1
24,rafa castro,537357,2,1
24,rafa castro,537358,1,1
24,rafa castro,537359,2,0
24,rafa castro,537360,0,1
24,rafa castro,537361,3,0
24,rafa castro,537362,1,0
24,rafa castro,537363,2,0
24,rafa castro,537364,1,2
24,rafa castro,537365,2,0
24,rafa castro,537366,2,1
24,rafa castro,537368,3,1
24,rafa castro,537367,3,2
24,rafa castro,537369,4,0
24,rafa castro,537370,0,2
24,rafa castro,537371,2,0
24,rafa castro,537372,1,3
24,rafa castro,537373,2,1
24,rafa castro,537374,0,1
24,rafa castro,537391,2,1
24,rafa castro,537392,0,2
24,rafa castro,537393,3,0
24,rafa castro,537394,1,1
24,rafa castro,537395,4,0
24,rafa castro,537396,2,0
24,rafa castro,537397,3,0
24,rafa castro,537398,1,0
24,rafa castro,537399,1,0
24,rafa castro,537400,2,1
24,rafa castro,537401,4,1
24,rafa castro,537402,1,1
24,rafa castro,537403,3,0
24,rafa castro,537404,1,2
24,rafa castro,537405,0,0
24,rafa castro,537406,1,3
24,rafa castro,537407,2,1
24,rafa castro,537408,1,0
24,rafa castro,537409,2,1
24,rafa castro,537410,2,0
24,rafa castro,537411,3,1
24,rafa castro,537412,2,0
24,rafa castro,537413,4,0
24,rafa castro,537414,1,1
36,dl,537350,1,0
270,gazire,537327,1,0
270,gazire,537328,1,1
270,gazire,537329,0,1
270,gazire,537330,1,0
270,gazire,537332,1,2
270,gazire,537331,2,1
270,gazire,537333,1,1
270,gazire,537334,0,2
270,gazire,537335,1,2
270,gazire,537336,1,0
270,gazire,537337,0,1
270,gazire,537338,1,0
270,gazire,537339,2,1
270,gazire,537340,1,2
270,gazire,537342,2,1
270,gazire,537341,3,0
270,gazire,537344,1,0
270,gazire,537343,2,0
270,gazire,537345,1,1
270,gazire,537346,0,2
270,gazire,537348,1,0
270,gazire,537347,1,1
270,gazire,537350,1,0
270,gazire,537349,1,2
270,gazire,537351,6,0
270,gazire,537352,1,1
270,gazire,537353,2,0
270,gazire,537354,0,2
270,gazire,537356,0,2
270,gazire,537355,1,1
270,gazire,537357,2,0
270,gazire,537358,2,1
270,gazire,537359,2,1
270,gazire,537360,2,1
270,gazire,537361,2,0
270,gazire,537362,2,2
270,gazire,537363,1,1
270,gazire,537364,2,0
270,gazire,537365,1,0
270,gazire,537366,1,0
270,gazire,537368,2,1
270,gazire,537367,2,0
270,gazire,537369,4,0
270,gazire,537370,1,2
270,gazire,537371,2,0
270,gazire,537372,0,1
270,gazire,537373,2,0
270,gazire,537374,1,2
270,gazire,537391,2,1
270,gazire,537392,0,3
270,gazire,537393,4,0
270,gazire,537394,1,1
270,gazire,537395,2,1
270,gazire,537396,2,0
270,gazire,537397,2,0
270,gazire,537398,2,0
270,gazire,537399,2,1
270,gazire,537400,3,1
270,gazire,537401,4,0
270,gazire,537402,2,1
270,gazire,537403,2,0
270,gazire,537404,0,2
270,gazire,537405,2,0
270,gazire,537406,1,2
270,gazire,537407,2,1
270,gazire,537408,2,0
270,gazire,537409,1,0
270,gazire,537410,2,0
270,gazire,537411,2,1
270,gazire,537412,1,0
270,gazire,537413,3,0
270,gazire,537414,1,1
34,imperinha,537327,1,0
34,imperinha,537328,1,0
34,imperinha,537329,1,1
34,imperinha,537330,2,1
34,imperinha,537332,0,0
34,imperinha,537331,1,1
34,imperinha,537333,1,0
34,imperinha,537334,0,1
34,imperinha,537335,0,2
34,imperinha,537336,1,0
34,imperinha,537337,0,0
34,imperinha,537338,0,1
34,imperinha,537339,1,0
34,imperinha,537340,0,1
34,imperinha,537342,2,0
34,imperinha,537341,3,0
34,imperinha,537344,2,0
34,imperinha,537343,3,0
34,imperinha,537345,2,0
34,imperinha,537346,1,0
34,imperinha,537348,1,0
34,imperinha,537347,1,1
34,imperinha,537350,1,2
34,imperinha,537349,0,0
34,imperinha,537351,3,0
34,imperinha,537352,1,2
34,imperinha,537353,1,0
34,imperinha,537354,1,2
34,imperinha,537356,0,2
34,imperinha,537355,2,0
34,imperinha,537357,1,0
34,imperinha,537358,1,0
34,imperinha,537359,0,0
34,imperinha,537360,1,0
34,imperinha,537361,0,1
34,imperinha,537362,0,1
34,imperinha,537363,2,1
34,imperinha,537364,1,0
34,imperinha,537365,2,0
34,imperinha,537366,2,0
34,imperinha,537368,2,1
34,imperinha,537367,2,0
34,imperinha,537369,4,0
34,imperinha,537370,0,1
34,imperinha,537371,2,0
34,imperinha,537372,0,2
34,imperinha,537373,2,0
34,imperinha,537374,0,1
34,imperinha,537391,2,0
34,imperinha,537392,1,3
34,imperinha,537393,2,0
34,imperinha,537394,0,2
34,imperinha,537395,3,2
34,imperinha,537396,0,0
34,imperinha,537397,2,0
34,imperinha,537398,2,0
34,imperinha,537399,2,0
34,imperinha,537400,1,1
34,imperinha,537401,3,0
34,imperinha,537402,1,2
34,imperinha,537403,4,0
34,imperinha,537404,0,1
34,imperinha,537405,2,0
34,imperinha,537406,0,1
34,imperinha,537407,2,1
34,imperinha,537408,2,2
34,imperinha,537409,2,1
34,imperinha,537410,1,0
34,imperinha,537411,2,0
34,imperinha,537412,1,0
34,imperinha,537413,2,0
34,imperinha,537414,1,0
117,rafinha,537327,3,1
117,rafinha,537328,2,1
117,rafinha,537329,1,2
117,rafinha,537330,2,1
117,rafinha,537332,1,2
117,rafinha,537331,2,1
117,rafinha,537333,2,1
117,rafinha,537334,1,2
117,rafinha,537335,1,2
117,rafinha,537336,2,1
117,rafinha,537337,1,2
117,rafinha,537338,2,1
117,rafinha,537339,2,1
117,rafinha,537340,1,2
117,rafinha,537342,2,1
117,rafinha,537341,3,0
117,rafinha,537344,3,1
117,rafinha,537343,3,1
117,rafinha,537345,2,1
117,rafinha,537346,1,2
117,rafinha,537348,2,1
117,rafinha,537347,1,2
117,rafinha,537350,2,1
117,rafinha,537349,2,1
117,rafinha,537351,4,0
117,rafinha,537352,1,2
117,rafinha,537353,3,1
117,rafinha,537354,0,3
117,rafinha,537356,0,3
117,rafinha,537355,2,1
117,rafinha,537357,2,1
117,rafinha,537358,2,1
117,rafinha,537359,2,1
117,rafinha,537360,2,1
117,rafinha,537361,2,1
117,rafinha,537362,2,1
117,rafinha,537363,2,1
117,rafinha,537364,2,1
117,rafinha,537365,2,1
117,rafinha,537366,2,1
117,rafinha,537368,1,2
117,rafinha,537367,2,1
117,rafinha,537369,4,0
117,rafinha,537370,1,2
117,rafinha,537371,3,1
117,rafinha,537372,0,3
117,rafinha,537373,2,1
117,rafinha,537374,1,3
117,rafinha,537391,3,1
117,rafinha,537392,1,3
117,rafinha,537393,3,1
117,rafinha,537394,1,2
117,rafinha,537395,2,1
117,rafinha,537396,2,1
117,rafinha,537397,3,1
117,rafinha,537398,2,1
117,rafinha,537399,2,1
117,rafinha,537400,2,1
117,rafinha,537401,3,0
117,rafinha,537402,1,2
117,rafinha,537403,3,1
117,rafinha,537404,1,2
117,rafinha,537405,3,1
117,rafinha,537406,1,2
117,rafinha,537407,2,1
117,rafinha,537408,2,1
117,rafinha,537409,2,1
117,rafinha,537410,2,1
117,rafinha,537411,3,1
117,rafinha,537412,3,1
117,rafinha,537413,4,0
117,rafinha,537414,2,1
194,gugu,537327,1,0
194,gugu,537328,2,1
194,gugu,537329,0,0
194,gugu,537330,1,1
194,gugu,537332,0,1
194,gugu,537331,0,0
194,gugu,537333,1,0
194,gugu,537334,1,1
194,gugu,537335,0,2
194,gugu,537336,0,2
194,gugu,537337,1,1
194,gugu,537338,1,0
194,gugu,537339,2,1
194,gugu,537340,2,0
194,gugu,537342,2,2
194,gugu,537341,3,0
194,gugu,537344,2,1
194,gugu,537343,2,0
194,gugu,537345,1,1
194,gugu,537346,1,2
194,gugu,537348,2,2
194,gugu,537347,2,1
194,gugu,537350,3,1
194,gugu,537349,0,1
194,gugu,537351,6,0
194,gugu,537352,1,0
194,gugu,537353,3,1
194,gugu,537354,0,2
194,gugu,537356,0,1
194,gugu,537355,1,1
194,gugu,537357,2,2
194,gugu,537358,1,0
194,gugu,537359,2,2
194,gugu,537360,3,1
194,gugu,537361,2,1
194,gugu,537362,3,2
194,gugu,537363,3,1
194,gugu,537364,1,0
194,gugu,537365,3,0
194,gugu,537366,2,0
194,gugu,537368,2,2
194,gugu,537367,4,0
194,gugu,537369,5,0
194,gugu,537370,2,2
194,gugu,537371,3,2
194,gugu,537372,0,2
194,gugu,537373,2,2
194,gugu,537374,1,3
194,gugu,537391,3,1
194,gugu,537392,1,3
194,gugu,537393,4,0
194,gugu,537394,2,2
194,gugu,537395,2,3
194,gugu,537396,2,0
194,gugu,537397,3,0
194,gugu,537398,2,1
194,gugu,537399,3,1
194,gugu,537400,2,2
194,gugu,537401,2,0
194,gugu,537402,3,3
194,gugu,537403,3,1
194,gugu,537404,2,2
194,gugu,537405,2,1
194,gugu,537406,1,3
194,gugu,537407,3,2
194,gugu,537408,2,3
194,gugu,537409,3,3
194,gugu,537410,2,1
194,gugu,537411,3,1
194,gugu,537412,3,0
194,gugu,537413,4,0
194,gugu,537414,3,2
16,botinha,537327,2,0
16,botinha,537339,3,1
16,botinha,537344,4,0
33,impera,537327,2,0
33,impera,537328,1,1
33,impera,537329,0,2
33,impera,537330,2,1
33,impera,537332,0,2
33,impera,537331,2,1
33,impera,537333,2,1
33,impera,537334,0,2
33,impera,537335,0,2
33,impera,537336,2,1
33,impera,537337,1,1
33,impera,537338,2,1
33,impera,537339,2,1
33,impera,537340,0,2
33,impera,537342,1,1
33,impera,537341,2,0
33,impera,537344,2,1
33,impera,537343,2,0
33,impera,537345,2,1
33,impera,537346,1,2
33,impera,537348,2,0
33,impera,537347,1,1
33,impera,537350,1,0
33,impera,537349,2,1
33,impera,537351,2,0
33,impera,537352,0,0
33,impera,537353,2,0
33,impera,537354,0,2
33,impera,537356,0,2
33,impera,537355,2,1
33,impera,537357,2,1
33,impera,537358,1,0
33,impera,537359,2,1
33,impera,537360,1,0
33,impera,537361,2,0
33,impera,537362,1,1
33,impera,537363,2,0
33,impera,537364,1,1
33,impera,537365,2,0
33,impera,537366,1,0
33,impera,537368,1,0
33,impera,537367,2,0
33,impera,537369,2,0
33,impera,537370,0,2
33,impera,537371,2,0
33,impera,537372,0,2
33,impera,537373,2,1
33,impera,537374,1,1
33,impera,537391,2,0
33,impera,537392,0,2
33,impera,537393,1,0
33,impera,537394,1,2
33,impera,537395,2,1
33,impera,537396,2,0
33,impera,537397,2,0
33,impera,537398,2,0
33,impera,537400,0,1
33,impera,537401,2,0
33,impera,537402,1,2
33,impera,537403,2,0
33,impera,537404,1,2
33,impera,537405,2,0
33,impera,537406,1,2
33,impera,537407,2,1
33,impera,537408,0,0
33,impera,537409,2,1
33,impera,537410,2,1
33,impera,537411,2,0
33,impera,537412,2,0
33,impera,537413,2,0
33,impera,537414,2,1
33,impera,537399,2,0
25,naza,537327,2,0
25,naza,537328,2,2
25,naza,537329,1,2
25,naza,537330,2,1
25,naza,537332,1,2
25,naza,537331,1,0
25,naza,537333,1,1
25,naza,537334,0,2
25,naza,537335,0,2
25,naza,537336,2,1
25,naza,537337,0,2
25,naza,537338,2,0
25,naza,537339,2,1
25,naza,537340,0,2
25,naza,537342,2,0
25,naza,537341,5,0
25,naza,537344,3,0
25,naza,537343,4,0
25,naza,537345,1,1
25,naza,537346,1,2
25,naza,537348,2,1
25,naza,537347,1,2
25,naza,537350,1,0
25,naza,537349,1,1
25,naza,537351,4,0
25,naza,537352,1,2
25,naza,537353,2,0
25,naza,537354,0,3
25,naza,537356,0,3
25,naza,537355,2,1
25,naza,537357,3,1
25,naza,537358,2,0
25,naza,537359,2,1
25,naza,537360,2,1
25,naza,537361,2,0
25,naza,537362,1,2
25,naza,537363,3,2
25,naza,537364,2,1
25,naza,537365,2,0
25,naza,537366,2,0
25,naza,537368,2,1
25,naza,537367,3,1
25,naza,537369,5,0
25,naza,537370,1,2
25,naza,537371,3,0
25,naza,537372,0,3
25,naza,537373,2,1
25,naza,537374,0,2
25,naza,537391,2,1
25,naza,537392,0,2
25,naza,537393,3,0
25,naza,537394,2,2
25,naza,537395,1,1
25,naza,537396,3,1
25,naza,537397,2,0
25,naza,537398,2,0
25,naza,537399,2,1
25,naza,537400,2,0
25,naza,537401,4,1
25,naza,537402,2,2
25,naza,537403,4,0
25,naza,537404,0,3
25,naza,537405,3,0
25,naza,537406,0,3
25,naza,537407,2,1
25,naza,537408,3,2
25,naza,537409,2,2
25,naza,537410,3,1
25,naza,537411,2,1
25,naza,537412,2,0
25,naza,537413,3,0
25,naza,537414,2,1
267,cetel,537327,2,0
267,cetel,537328,0,0
267,cetel,537329,0,1
267,cetel,537330,0,0
267,cetel,537332,1,2
267,cetel,537331,2,1
267,cetel,537333,2,1
267,cetel,537334,0,2
267,cetel,537335,1,2
267,cetel,537336,2,0
267,cetel,537337,1,1
267,cetel,537338,1,0
267,cetel,537339,2,1
267,cetel,537340,0,2
267,cetel,537342,0,0
267,cetel,537341,3,0
267,cetel,537344,1,0
267,cetel,537343,2,0
267,cetel,537345,1,0
267,cetel,537346,1,1
267,cetel,537348,0,0
267,cetel,537347,2,1
267,cetel,537350,0,0
267,cetel,537349,1,2
267,cetel,537351,4,0
267,cetel,537352,0,1
267,cetel,537353,3,1
267,cetel,537354,0,2
267,cetel,537356,1,3
267,cetel,537355,1,1
267,cetel,537357,1,1
267,cetel,537358,1,0
267,cetel,537359,1,0
267,cetel,537360,1,0
267,cetel,537361,3,0
267,cetel,537362,0,0
267,cetel,537363,2,1
267,cetel,537364,0,0
267,cetel,537365,1,1
267,cetel,537366,1,0
267,cetel,537368,2,1
267,cetel,537367,2,0
267,cetel,537369,5,0
267,cetel,537370,0,2
267,cetel,537371,3,0
267,cetel,537372,0,3
267,cetel,537373,2,1
267,cetel,537374,0,1
267,cetel,537391,2,1
267,cetel,537392,0,2
267,cetel,537393,2,0
267,cetel,537394,0,2
267,cetel,537395,1,1
267,cetel,537396,1,0
267,cetel,537397,2,0
267,cetel,537398,2,0
267,cetel,537399,1,0
267,cetel,537400,1,0
267,cetel,537401,4,0
267,cetel,537402,1,0
267,cetel,537403,3,0
267,cetel,537404,1,1
267,cetel,537405,2,1
267,cetel,537406,0,2
267,cetel,537407,1,0
267,cetel,537408,0,1
267,cetel,537409,1,1
267,cetel,537410,1,2
267,cetel,537411,2,0
267,cetel,537412,2,1
267,cetel,537413,2,0
267,cetel,537414,2,0
32,gabriel,537327,2,2
32,gabriel,537328,1,0
32,gabriel,537329,0,1
32,gabriel,537330,3,1
32,gabriel,537332,1,0
32,gabriel,537331,2,1
32,gabriel,537333,1,1
32,gabriel,537334,0,3
32,gabriel,537335,1,1
32,gabriel,537336,2,0
32,gabriel,537337,1,2
32,gabriel,537338,2,1
32,gabriel,537339,2,1
32,gabriel,537340,0,5
32,gabriel,537342,3,1
32,gabriel,537341,5,1
32,gabriel,537344,3,2
32,gabriel,537343,4,1
32,gabriel,537345,2,1
32,gabriel,537346,1,3
32,gabriel,537348,2,0
32,gabriel,537347,1,1
32,gabriel,537350,2,1
32,gabriel,537349,2,1
32,gabriel,537351,5,0
32,gabriel,537352,2,2
32,gabriel,537353,2,1
32,gabriel,537354,1,4
32,gabriel,537356,1,3
32,gabriel,537355,3,1
32,gabriel,537357,1,1
32,gabriel,537358,2,1
32,gabriel,537359,2,0
32,gabriel,537360,1,0
32,gabriel,537361,3,1
32,gabriel,537362,1,1
32,gabriel,537363,3,1
32,gabriel,537364,1,0
32,gabriel,537365,2,0
32,gabriel,537366,2,1
32,gabriel,537368,3,1
32,gabriel,537367,3,0
32,gabriel,537369,7,0
32,gabriel,537370,1,1
32,gabriel,537371,3,1
32,gabriel,537372,1,3
32,gabriel,537373,2,1
32,gabriel,537374,1,3
32,gabriel,537391,2,1
32,gabriel,537392,1,4
32,gabriel,537393,3,0
32,gabriel,537394,1,2
32,gabriel,537395,2,2
32,gabriel,537396,1,0
32,gabriel,537397,1,1
32,gabriel,537398,2,0
32,gabriel,537399,1,1
32,gabriel,537400,3,1
32,gabriel,537401,3,0
32,gabriel,537402,1,3
32,gabriel,537403,5,2
32,gabriel,537404,1,4
32,gabriel,537405,3,0
32,gabriel,537406,2,2
32,gabriel,537407,3,2
32,gabriel,537408,3,1
32,gabriel,537409,2,2
32,gabriel,537410,2,0
32,gabriel,537411,1,0
32,gabriel,537412,3,1
32,gabriel,537413,5,0
32,gabriel,537414,2,1
15,paulo,537327,2,0
15,paulo,537328,1,1
15,paulo,537329,0,1
15,paulo,537330,2,1
15,paulo,537332,0,1
15,paulo,537331,1,1
15,paulo,537333,0,1
15,paulo,537334,0,3
15,paulo,537335,0,1
15,paulo,537336,2,0
15,paulo,537337,1,1
15,paulo,537338,2,1
40,bernardo,537327,2,0
40,bernardo,537328,2,1
40,bernardo,537329,0,2
40,bernardo,537330,1,1
40,bernardo,537332,1,2
40,bernardo,537331,1,0
40,bernardo,537333,1,1
40,bernardo,537334,0,3
40,bernardo,537335,1,1
40,bernardo,537336,2,0
40,bernardo,537337,0,2
40,bernardo,537338,2,0
40,bernardo,537339,2,1
40,bernardo,537340,0,2
40,bernardo,537342,2,1
40,bernardo,537341,2,0
40,bernardo,537344,2,0
40,bernardo,537343,2,0
40,bernardo,537345,1,0
40,bernardo,537346,1,2
40,bernardo,537348,1,0
40,bernardo,537347,1,1
40,bernardo,537350,1,0
40,bernardo,537349,1,1
40,bernardo,537351,3,0
40,bernardo,537352,1,1
40,bernardo,537353,1,2
40,bernardo,537354,0,2
40,bernardo,537356,0,2
40,bernardo,537355,2,1
40,bernardo,537357,1,1
40,bernardo,537358,2,1
40,bernardo,537359,2,0
40,bernardo,537360,1,0
40,bernardo,537361,2,0
40,bernardo,537362,2,1
40,bernardo,537363,2,1
40,bernardo,537364,2,0
40,bernardo,537365,2,0
40,bernardo,537366,2,0
40,bernardo,537368,1,1
40,bernardo,537367,2,0
40,bernardo,537369,3,0
40,bernardo,537370,1,2
40,bernardo,537371,2,0
40,bernardo,537372,0,2
40,bernardo,537373,1,0
40,bernardo,537374,1,1
40,bernardo,537391,2,1
40,bernardo,537392,0,2
40,bernardo,537393,3,0
40,bernardo,537394,1,2
40,bernardo,537395,1,1
40,bernardo,537396,2,0
40,bernardo,537397,1,1
40,bernardo,537398,2,0
40,bernardo,537399,1,0
40,bernardo,537400,2,0
40,bernardo,537401,2,0
40,bernardo,537402,1,2
40,bernardo,537403,2,0
40,bernardo,537404,0,1
40,bernardo,537405,2,0
40,bernardo,537406,1,2
40,bernardo,537407,2,1
40,bernardo,537408,1,0
40,bernardo,537409,2,1
40,bernardo,537410,1,0
40,bernardo,537411,2,0
40,bernardo,537412,2,1
40,bernardo,537413,3,0
40,bernardo,537414,2,1
17,zeca,537327,3,1
17,zeca,537328,1,2
17,zeca,537329,0,1
17,zeca,537330,2,0
17,zeca,537332,1,2
17,zeca,537331,0,0
17,zeca,537333,0,0
17,zeca,537334,1,0
17,zeca,537335,0,2
17,zeca,537336,0,1
17,zeca,537337,1,2
17,zeca,537338,0,3
17,zeca,537339,1,2
17,zeca,537340,1,1
17,zeca,537342,1,1
17,zeca,537341,2,0
17,zeca,537343,2,0
17,zeca,537344,1,1
17,zeca,537345,1,1
17,zeca,537346,1,2
17,zeca,537348,1,2
17,zeca,537347,1,1
17,zeca,537349,0,1
17,zeca,537350,2,1
17,zeca,537351,4,0
17,zeca,537352,2,2
17,zeca,537353,2,1
17,zeca,537354,1,3
17,zeca,537355,0,0
17,zeca,537356,1,3
17,zeca,537357,1,2
17,zeca,537358,1,0
17,zeca,537359,1,0
17,zeca,537360,1,1
17,zeca,537361,2,0
17,zeca,537362,1,1
17,zeca,537363,1,1
17,zeca,537364,2,0
17,zeca,537365,3,2
17,zeca,537366,2,0
17,zeca,537367,2,0
17,zeca,537368,2,2
17,zeca,537369,3,0
17,zeca,537370,1,1
17,zeca,537371,2,1
17,zeca,537372,1,2
17,zeca,537373,2,0
17,zeca,537374,2,2
17,zeca,537391,2,1
17,zeca,537392,1,0
17,zeca,537393,1,1
17,zeca,537394,2,1
17,zeca,537395,1,0
17,zeca,537396,1,2
17,zeca,537397,3,0
17,zeca,537398,2,0
17,zeca,537399,1,1
17,zeca,537400,2,1
17,zeca,537401,4,1
17,zeca,537402,1,3
17,zeca,537403,3,0
17,zeca,537404,1,2
17,zeca,537405,2,0
17,zeca,537406,0,1
17,zeca,537407,2,1
17,zeca,537408,0,0
17,zeca,537409,2,0
17,zeca,537410,3,1
17,zeca,537411,2,1
17,zeca,537412,3,0
17,zeca,537413,3,0
17,zeca,537414,1,2
15,paulo,537339,2,1
15,paulo,537340,0,2
15,paulo,537342,1,0
15,paulo,537341,4,0
15,paulo,537344,2,0
15,paulo,537343,2,0
15,paulo,537345,1,1
15,paulo,537346,1,2
15,paulo,537348,1,1
15,paulo,537347,0,1
15,paulo,537350,1,0
15,paulo,537349,1,0
15,paulo,537351,4,0
15,paulo,537352,1,1
15,paulo,537353,2,1
15,paulo,537354,0,2
15,paulo,537356,0,2
15,paulo,537355,1,1
35,calango frito,537327,2,0
35,calango frito,537328,2,2
35,calango frito,537329,0,1
35,calango frito,537330,2,1
35,calango frito,537332,1,2
35,calango frito,537331,1,1
35,calango frito,537333,2,1
35,calango frito,537334,0,3
35,calango frito,537335,0,2
35,calango frito,537336,3,1
35,calango frito,537337,1,2
35,calango frito,537338,2,0
35,calango frito,537339,1,1
35,calango frito,537340,0,2
35,calango frito,537342,2,1
35,calango frito,537341,4,0
35,calango frito,537344,2,1
35,calango frito,537343,3,0
35,calango frito,537345,2,2
35,calango frito,537346,0,2
35,calango frito,537348,2,1
35,calango frito,537347,1,1
35,calango frito,537350,1,1
35,calango frito,537349,2,1
35,calango frito,537351,5,0
35,calango frito,537352,2,1
35,calango frito,537353,1,1
35,calango frito,537354,0,1
35,calango frito,537356,0,2
35,calango frito,537355,3,1
35,calango frito,537357,2,1
35,calango frito,537358,2,0
35,calango frito,537359,1,0
35,calango frito,537360,3,1
35,calango frito,537361,4,0
35,calango frito,537362,1,1
35,calango frito,537363,4,1
35,calango frito,537364,2,0
35,calango frito,537365,3,1
35,calango frito,537366,1,0
35,calango frito,537368,1,2
35,calango frito,537367,2,0
35,calango frito,537369,6,0
35,calango frito,537370,0,1
35,calango frito,537371,2,0
35,calango frito,537372,0,3
35,calango frito,537373,1,0
35,calango frito,537374,0,3
35,calango frito,537391,2,1
35,calango frito,537392,0,2
35,calango frito,537393,2,0
35,calango frito,537394,1,2
35,calango frito,537395,1,1
35,calango frito,537396,2,0
35,calango frito,537397,2,1
35,calango frito,537398,3,0
35,calango frito,537399,3,0
35,calango frito,537400,2,1
35,calango frito,537401,4,0
35,calango frito,537402,1,2
35,calango frito,537403,4,0
35,calango frito,537404,1,2
35,calango frito,537405,2,0
35,calango frito,537406,0,3
35,calango frito,537407,2,1
35,calango frito,537408,0,2
35,calango frito,537409,2,0
35,calango frito,537410,1,1
35,calango frito,537411,2,1
35,calango frito,537412,3,1
35,calango frito,537413,4,0
35,calango frito,537414,1,0
15,paulo,537357,1,1
15,paulo,537358,2,1
15,paulo,537359,2,0
15,paulo,537360,1,0
15,paulo,537361,2,0
15,paulo,537362,1,1
15,paulo,537363,1,1
15,paulo,537364,1,1
15,paulo,537365,2,0
15,paulo,537366,2,0
15,paulo,537368,1,1
15,paulo,537367,3,0
15,paulo,537369,4,0
15,paulo,537370,0,2
15,paulo,537371,3,0
15,paulo,537372,0,2
15,paulo,537373,2,1
15,paulo,537374,1,1
15,paulo,537391,2,0
15,paulo,537392,0,2
15,paulo,537393,3,0
15,paulo,537394,2,1
15,paulo,537395,2,1
15,paulo,537396,1,0
193,da mata,537327,3,1
193,da mata,537328,2,2
193,da mata,537329,0,2
193,da mata,537330,2,1
193,da mata,537332,1,0
193,da mata,537331,1,0
193,da mata,537333,1,2
193,da mata,537334,0,3
193,da mata,537335,0,2
193,da mata,537336,1,1
193,da mata,537337,0,1
193,da mata,537338,2,1
193,da mata,537339,3,2
193,da mata,537340,1,3
193,da mata,537342,2,1
193,da mata,537341,2,1
193,da mata,537344,2,2
193,da mata,537343,4,1
193,da mata,537345,2,1
193,da mata,537346,0,3
193,da mata,537348,2,1
193,da mata,537347,1,1
193,da mata,537350,3,0
193,da mata,537349,1,1
193,da mata,537351,5,0
193,da mata,537352,2,2
193,da mata,537353,2,0
193,da mata,537354,1,3
193,da mata,537356,0,3
193,da mata,537355,2,1
193,da mata,537357,2,1
193,da mata,537358,2,1
193,da mata,537359,1,2
193,da mata,537360,1,0
193,da mata,537361,2,1
193,da mata,537362,3,3
193,da mata,537363,1,0
193,da mata,537364,1,0
193,da mata,537365,4,0
193,da mata,537366,3,0
193,da mata,537368,2,2
193,da mata,537367,5,1
193,da mata,537369,6,0
193,da mata,537370,1,2
193,da mata,537371,3,0
193,da mata,537372,1,2
193,da mata,537373,2,2
193,da mata,537374,1,3
193,da mata,537391,3,1
193,da mata,537392,0,3
193,da mata,537393,4,0
193,da mata,537394,2,2
193,da mata,537395,1,2
193,da mata,537396,2,0
193,da mata,537397,2,1
193,da mata,537398,1,0
193,da mata,537399,1,1
193,da mata,537400,3,0
193,da mata,537401,2,0
193,da mata,537402,1,2
193,da mata,537403,4,0
193,da mata,537404,0,2
193,da mata,537405,2,0
193,da mata,537406,1,4
193,da mata,537407,2,2
193,da mata,537408,0,2
193,da mata,537409,2,1
193,da mata,537410,2,0
193,da mata,537411,2,2
193,da mata,537412,3,0
193,da mata,537413,4,0
193,da mata,537414,2,1
15,paulo,537397,2,1
15,paulo,537398,2,1
15,paulo,537399,1,0
15,paulo,537400,2,1
15,paulo,537401,3,0
15,paulo,537402,1,1
15,paulo,537403,2,0
15,paulo,537404,0,2
15,paulo,537405,3,0
15,paulo,537406,1,2
15,paulo,537407,1,1
15,paulo,537408,1,0
15,paulo,537409,1,1
15,paulo,537410,1,1
15,paulo,537411,2,0
15,paulo,537412,2,1
15,paulo,537413,3,0
15,paulo,537414,2,1
30,rapha motta,537327,2,0
30,rapha motta,537328,2,1
30,rapha motta,537329,2,0
30,rapha motta,537330,1,3
30,rapha motta,537332,0,3
30,rapha motta,537331,2,0
30,rapha motta,537333,0,0
30,rapha motta,537334,0,1
30,rapha motta,537335,0,2
30,rapha motta,537336,2,0
30,rapha motta,537337,1,1
30,rapha motta,537338,2,0
30,rapha motta,537339,2,1
30,rapha motta,537340,0,1
30,rapha motta,537342,3,1
30,rapha motta,537341,3,0
30,rapha motta,537344,2,0
30,rapha motta,537343,3,0
30,rapha motta,537345,2,0
30,rapha motta,537346,1,1
30,rapha motta,537348,2,1
30,rapha motta,537347,0,1
30,rapha motta,537350,0,1
30,rapha motta,537349,1,0
30,rapha motta,537351,3,0
30,rapha motta,537352,2,0
30,rapha motta,537353,2,1
30,rapha motta,537354,0,1
30,rapha motta,537356,0,2
30,rapha motta,537355,2,0
30,rapha motta,537357,0,1
30,rapha motta,537358,0,0
30,rapha motta,537359,2,1
30,rapha motta,537360,1,0
30,rapha motta,537361,2,0
30,rapha motta,537362,2,0
30,rapha motta,537363,1,0
30,rapha motta,537364,1,1
30,rapha motta,537365,2,0
30,rapha motta,537366,2,0
30,rapha motta,537368,2,1
30,rapha motta,537367,2,0
30,rapha motta,537369,2,0
30,rapha motta,537370,1,2
30,rapha motta,537371,2,0
30,rapha motta,537372,0,1
30,rapha motta,537373,2,1
30,rapha motta,537374,0,1
30,rapha motta,537391,2,0
30,rapha motta,537392,0,1
30,rapha motta,537393,2,0
30,rapha motta,537394,1,0
30,rapha motta,537395,0,0
30,rapha motta,537396,1,0
30,rapha motta,537397,2,0
30,rapha motta,537398,2,0
30,rapha motta,537399,3,1
30,rapha motta,537400,2,0
30,rapha motta,537401,3,0
30,rapha motta,537402,1,1
30,rapha motta,537403,2,0
30,rapha motta,537404,0,2
30,rapha motta,537405,3,0
30,rapha motta,537406,0,2
30,rapha motta,537407,2,0
30,rapha motta,537408,1,1
30,rapha motta,537409,1,1
30,rapha motta,537410,1,0
30,rapha motta,537411,2,0
30,rapha motta,537412,1,0
30,rapha motta,537413,2,0
30,rapha motta,537414,1,1
269,fuka,537327,1,0
269,fuka,537328,1,1
269,fuka,537329,2,1
269,fuka,537330,2,1
269,fuka,537332,1,1
269,fuka,537331,1,1
269,fuka,537333,1,1
269,fuka,537334,0,2
269,fuka,537335,1,2
269,fuka,537336,1,0
269,fuka,537337,1,2
269,fuka,537338,1,0
269,fuka,537339,2,2
269,fuka,537340,0,1
269,fuka,537342,1,0
269,fuka,537341,3,0
269,fuka,537344,2,1
269,fuka,537343,2,0
269,fuka,537345,2,1
269,fuka,537346,1,1
269,fuka,537348,1,1
269,fuka,537347,1,0
269,fuka,537350,2,1
269,fuka,537349,1,1
269,fuka,537351,3,1
269,fuka,537352,2,1
269,fuka,537353,1,1
269,fuka,537354,0,1
269,fuka,537356,0,2
269,fuka,537355,2,1
269,fuka,537357,1,1
269,fuka,537358,1,0
269,fuka,537359,2,1
269,fuka,537360,1,0
269,fuka,537361,2,0
269,fuka,537362,2,2
269,fuka,537363,2,1
269,fuka,537364,0,1
269,fuka,537365,3,0
269,fuka,537366,1,1
269,fuka,537368,2,1
269,fuka,537367,1,0
269,fuka,537369,3,0
269,fuka,537370,0,1
269,fuka,537371,2,1
269,fuka,537372,0,2
269,fuka,537373,1,1
269,fuka,537374,0,1
269,fuka,537391,2,1
269,fuka,537392,0,1
269,fuka,537393,3,0
269,fuka,537394,1,0
269,fuka,537395,2,1
269,fuka,537396,1,0
269,fuka,537397,2,0
269,fuka,537398,0,0
269,fuka,537399,3,1
269,fuka,537400,1,1
269,fuka,537401,2,0
269,fuka,537402,1,1
269,fuka,537403,2,0
269,fuka,537404,0,2
269,fuka,537405,2,0
269,fuka,537406,0,1
269,fuka,537407,1,1
269,fuka,537408,1,0
269,fuka,537409,2,1
269,fuka,537410,1,1
269,fuka,537411,2,1
269,fuka,537412,2,0
269,fuka,537413,2,0
269,fuka,537414,1,0
19,fabner,537327,2,0
19,fabner,537328,1,1
19,fabner,537329,1,2
19,fabner,537330,2,1
19,fabner,537332,0,1
19,fabner,537331,2,1
19,fabner,537333,1,1
19,fabner,537334,0,2
19,fabner,537335,1,2
19,fabner,537336,2,0
19,fabner,537337,1,2
19,fabner,537338,2,0
19,fabner,537339,2,1
19,fabner,537340,0,2
19,fabner,537342,2,1
19,fabner,537341,5,0
19,fabner,537344,2,0
19,fabner,537343,3,0
19,fabner,537345,1,0
19,fabner,537346,0,2
19,fabner,537348,2,2
19,fabner,537347,1,1
19,fabner,537350,1,1
19,fabner,537349,1,1
27,bayao,537327,2,1
27,bayao,537328,1,1
27,bayao,537329,1,1
27,bayao,537330,1,1
27,bayao,537332,1,2
27,bayao,537331,0,0
27,bayao,537333,0,0
27,bayao,537334,0,2
27,bayao,537335,0,1
27,bayao,537336,1,1
27,bayao,537337,0,1
27,bayao,537338,1,0
27,bayao,537339,3,1
27,bayao,537340,1,1
27,bayao,537342,2,1
27,bayao,537341,3,0
27,bayao,537344,2,0
27,bayao,537343,2,0
27,bayao,537345,1,1
27,bayao,537346,1,1
27,bayao,537348,2,1
27,bayao,537347,1,1
27,bayao,537350,1,0
27,bayao,537349,1,0
27,bayao,537351,3,0
27,bayao,537352,1,2
27,bayao,537353,2,0
27,bayao,537354,0,2
27,bayao,537356,0,2
27,bayao,537355,2,1
27,bayao,537357,2,1
27,bayao,537358,1,1
27,bayao,537359,1,0
27,bayao,537360,2,1
27,bayao,537361,2,0
27,bayao,537362,1,1
27,bayao,537363,2,1
27,bayao,537364,1,0
27,bayao,537365,2,0
27,bayao,537366,2,1
27,bayao,537368,1,0
27,bayao,537367,2,0
27,bayao,537369,3,0
27,bayao,537370,0,2
27,bayao,537371,2,0
27,bayao,537372,0,2
27,bayao,537373,2,1
27,bayao,537374,0,1
27,bayao,537391,2,1
27,bayao,537392,0,2
27,bayao,537393,3,0
27,bayao,537394,1,2
27,bayao,537395,2,1
27,bayao,537396,2,1
27,bayao,537397,2,0
27,bayao,537398,1,1
27,bayao,537399,2,0
27,bayao,537400,1,2
27,bayao,537401,3,0
27,bayao,537402,1,1
27,bayao,537403,3,0
27,bayao,537404,0,2
27,bayao,537405,3,0
27,bayao,537406,0,2
27,bayao,537407,2,1
27,bayao,537408,1,1
27,bayao,537409,2,1
27,bayao,537410,2,0
27,bayao,537411,2,1
27,bayao,537412,2,0
27,bayao,537413,3,0
27,bayao,537414,2,1
39,fratz,537327,3,1
39,fratz,537328,2,2
39,fratz,537329,0,1
39,fratz,537330,2,1
39,fratz,537331,2,0
39,fratz,537332,1,2
39,fratz,537333,1,1
39,fratz,537334,0,2
39,fratz,537335,1,2
39,fratz,537336,3,0
39,fratz,537337,1,0
39,fratz,537338,2,0
39,fratz,537339,2,2
39,fratz,537340,0,2
39,fratz,537342,1,1
39,fratz,537341,3,0
39,fratz,537343,2,0
39,fratz,537344,3,1
39,fratz,537345,1,0
39,fratz,537346,1,1
39,fratz,537348,2,1
39,fratz,537347,1,0
39,fratz,537349,0,1
39,fratz,537350,1,0
39,fratz,537351,2,0
39,fratz,537352,1,2
39,fratz,537353,2,1
39,fratz,537354,1,3
39,fratz,537355,2,1
39,fratz,537356,1,2
39,fratz,537357,3,2
39,fratz,537358,2,0
39,fratz,537359,3,1
39,fratz,537360,2,0
39,fratz,537361,2,0
39,fratz,537362,2,0
39,fratz,537363,2,0
39,fratz,537364,1,0
39,fratz,537365,3,0
39,fratz,537366,2,0
39,fratz,537367,4,0
39,fratz,537368,2,2
39,fratz,537369,4,0
39,fratz,537370,0,2
39,fratz,537371,4,0
39,fratz,537372,0,3
39,fratz,537373,3,1
39,fratz,537374,0,1
39,fratz,537391,3,0
39,fratz,537392,1,3
39,fratz,537393,3,0
39,fratz,537394,0,2
39,fratz,537395,1,2
39,fratz,537396,2,1
39,fratz,537397,3,0
39,fratz,537398,1,1
39,fratz,537399,2,0
39,fratz,537400,1,0
39,fratz,537401,3,0
39,fratz,537402,1,3
39,fratz,537403,3,0
39,fratz,537404,1,3
39,fratz,537405,2,0
39,fratz,537406,0,2
39,fratz,537407,2,2
39,fratz,537408,2,1
39,fratz,537409,2,1
39,fratz,537410,2,0
39,fratz,537411,1,1
39,fratz,537412,2,1
39,fratz,537413,3,0
39,fratz,537414,2,1
14,samuel,537327,2,1
14,samuel,537328,2,1
14,samuel,537329,0,1
14,samuel,537330,2,1
14,samuel,537332,1,2
14,samuel,537331,1,0
14,samuel,537333,2,1
14,samuel,537334,0,2
14,samuel,537335,0,2
14,samuel,537336,0,1
14,samuel,537337,0,1
14,samuel,537338,2,1
14,samuel,537339,2,0
14,samuel,537340,0,2
14,samuel,537342,2,0
14,samuel,537341,4,0
14,samuel,537344,2,1
14,samuel,537343,2,0
14,samuel,537345,2,1
14,samuel,537346,1,2
14,samuel,537348,1,0
14,samuel,537347,1,2
14,samuel,537350,2,1
14,samuel,537349,1,1
14,samuel,537351,4,0
14,samuel,537352,1,1
14,samuel,537353,2,1
14,samuel,537354,0,2
14,samuel,537356,0,2
14,samuel,537355,2,1
14,samuel,537357,2,0
14,samuel,537358,2,1
14,samuel,537359,2,1
14,samuel,537360,1,0
14,samuel,537361,2,0
14,samuel,537362,2,1
14,samuel,537363,1,0
14,samuel,537364,2,0
14,samuel,537365,2,0
14,samuel,537366,2,0
14,samuel,537368,1,1
14,samuel,537367,3,0
14,samuel,537369,4,0
14,samuel,537370,0,2
14,samuel,537371,3,0
14,samuel,537372,0,3
14,samuel,537373,2,1
14,samuel,537374,1,0
14,samuel,537391,3,1
14,samuel,537392,0,2
14,samuel,537393,3,0
14,samuel,537394,1,1
14,samuel,537395,2,1
14,samuel,537396,2,0
14,samuel,537397,1,1
14,samuel,537398,2,0
14,samuel,537399,2,0
14,samuel,537400,2,1
14,samuel,537401,4,0
14,samuel,537402,1,1
14,samuel,537403,4,0
14,samuel,537404,0,2
14,samuel,537405,2,0
14,samuel,537406,1,3
14,samuel,537407,2,1
14,samuel,537408,0,1
14,samuel,537409,2,1
14,samuel,537410,2,0
14,samuel,537411,2,0
14,samuel,537412,3,0
14,samuel,537413,3,0
14,samuel,537414,2,1
15,paulo,537413,2,1
1598,lipe,537327,2,0
1598,lipe,537328,1,1
1598,lipe,537329,2,1
1598,lipe,537330,1,1
1598,lipe,537332,0,2
1598,lipe,537331,1,0
1598,lipe,537333,2,1
1598,lipe,537334,0,2
1598,lipe,537335,0,3
1598,lipe,537336,0,0
1598,lipe,537337,1,0
1598,lipe,537338,2,0
1598,lipe,537339,2,1
1598,lipe,537340,0,3
1598,lipe,537342,2,0
1598,lipe,537341,5,0
1598,lipe,537344,3,1
1598,lipe,537343,4,1
1598,lipe,537345,3,1
1598,lipe,537346,1,2
1598,lipe,537348,1,1
1598,lipe,537347,0,2
1598,lipe,537350,2,3
1598,lipe,537349,1,1
1598,lipe,537351,5,0
1598,lipe,537352,2,2
1598,lipe,537353,3,0
1598,lipe,537354,0,4
1598,lipe,537356,0,3
1598,lipe,537355,2,0
1598,lipe,537357,1,0
1598,lipe,537358,2,1
1598,lipe,537359,2,0
1598,lipe,537360,2,1
1598,lipe,537361,2,0
1598,lipe,537362,1,1
1598,lipe,537363,2,1
1598,lipe,537364,2,0
1598,lipe,537365,2,1
1598,lipe,537366,2,1
1598,lipe,537368,0,1
1598,lipe,537367,1,0
1598,lipe,537369,4,0
1598,lipe,537370,1,2
1598,lipe,537371,2,0
1598,lipe,537372,0,4
1598,lipe,537373,2,2
1598,lipe,537374,1,1
1598,lipe,537391,3,1
1598,lipe,537392,1,2
1598,lipe,537393,3,1
1598,lipe,537394,1,1
1598,lipe,537395,2,0
1598,lipe,537396,1,0
1598,lipe,537397,3,0
1598,lipe,537398,2,1
1598,lipe,537399,4,1
1598,lipe,537400,3,1
1598,lipe,537401,2,0
1598,lipe,537402,3,1
1598,lipe,537403,4,1
1598,lipe,537404,0,3
1598,lipe,537405,3,0
1598,lipe,537406,2,1
1598,lipe,537407,1,1
1598,lipe,537408,0,0
1598,lipe,537409,2,1
1598,lipe,537410,3,1
1598,lipe,537411,2,0
1598,lipe,537412,2,1
1598,lipe,537413,3,1
1598,lipe,537414,2,0
18,rafao,537327,1,0
18,rafao,537328,2,1
18,rafao,537329,0,0
18,rafao,537330,1,0
18,rafao,537332,1,2
18,rafao,537331,2,0
18,rafao,537333,3,2
18,rafao,537334,0,2
18,rafao,537335,0,1
18,rafao,537336,3,0
18,rafao,537337,2,2
18,rafao,537338,3,0
18,rafao,537339,1,1
18,rafao,537340,0,2
18,rafao,537342,2,0
18,rafao,537341,4,0
18,rafao,537344,1,0
18,rafao,537343,4,0
18,rafao,537345,1,1
18,rafao,537346,1,2
18,rafao,537348,2,0
18,rafao,537347,0,1
18,rafao,537350,2,1
18,rafao,537349,0,2
18,rafao,537351,7,0
18,rafao,537352,2,2
18,rafao,537353,4,1
18,rafao,537354,0,5
18,rafao,537356,0,3
18,rafao,537355,2,0
18,rafao,537357,1,0
18,rafao,537358,1,0
18,rafao,537359,2,0
18,rafao,537360,1,1
18,rafao,537361,3,1
18,rafao,537362,0,0
18,rafao,537363,2,0
18,rafao,537364,1,0
18,rafao,537365,2,0
18,rafao,537366,1,0
18,rafao,537368,0,0
18,rafao,537367,3,0
18,rafao,537369,4,0
18,rafao,537370,0,3
18,rafao,537371,4,0
18,rafao,537372,0,2
18,rafao,537373,2,0
18,rafao,537374,0,0
18,rafao,537391,3,1
18,rafao,537392,0,3
18,rafao,537393,2,0
18,rafao,537394,0,1
18,rafao,537395,1,0
18,rafao,537396,2,0
18,rafao,537397,5,0
18,rafao,537398,1,0
18,rafao,537399,2,1
18,rafao,537400,2,0
18,rafao,537401,4,0
18,rafao,537402,1,0
18,rafao,537403,3,0
18,rafao,537404,1,3
18,rafao,537405,3,1
18,rafao,537406,0,2
18,rafao,537407,2,1
18,rafao,537408,1,1
18,rafao,537409,3,1
18,rafao,537410,2,1
18,rafao,537411,2,1
18,rafao,537412,3,1
18,rafao,537413,2,0
18,rafao,537414,1,1
191,aloisio,537327,2,1
191,aloisio,537328,1,1
191,aloisio,537329,0,1
191,aloisio,537330,2,0
191,aloisio,537332,0,2
191,aloisio,537331,1,1
191,aloisio,537339,1,1
191,aloisio,537340,0,2
191,aloisio,537342,1,0
191,aloisio,537341,4,0
191,aloisio,537344,2,0
191,aloisio,537343,2,0
191,aloisio,537345,1,0
191,aloisio,537346,0,1
191,aloisio,537348,2,0
191,aloisio,537347,0,1
191,aloisio,537350,2,1
191,aloisio,537349,1,1
191,aloisio,537351,4,0
191,aloisio,537352,0,2
191,aloisio,537353,2,0
191,aloisio,537354,0,2
191,aloisio,537356,0,2
191,aloisio,537355,1,1
191,aloisio,537391,2,1
191,aloisio,537392,0,2
191,aloisio,537393,3,0
191,aloisio,537394,2,2
191,aloisio,537395,1,1
191,aloisio,537396,2,0
191,aloisio,537397,1,0
191,aloisio,537398,1,0
191,aloisio,537399,1,0
191,aloisio,537400,1,0
191,aloisio,537401,3,0
191,aloisio,537402,2,2
191,aloisio,537409,1,1
191,aloisio,537410,2,0
191,aloisio,537411,1,1
191,aloisio,537412,2,0
191,aloisio,537413,3,0
191,aloisio,537414,2,2
191,aloisio,537403,3,0
191,aloisio,537404,0,1
191,aloisio,537405,2,0
191,aloisio,537406,0,1
191,aloisio,537407,2,1
191,aloisio,537408,0,2
191,aloisio,537369,4,0
191,aloisio,537370,0,1
191,aloisio,537371,2,0
191,aloisio,537372,0,2
191,aloisio,537373,2,0
191,aloisio,537374,1,2
191,aloisio,537363,2,0
191,aloisio,537364,2,1
191,aloisio,537365,2,0
191,aloisio,537366,2,1
191,aloisio,537368,1,2
191,aloisio,537367,3,0
191,aloisio,537357,2,1
191,aloisio,537358,0,0
191,aloisio,537359,2,1
191,aloisio,537360,1,0
191,aloisio,537361,2,0
191,aloisio,537362,2,2
191,aloisio,537334,0,2
191,aloisio,537336,2,0
191,aloisio,537338,2,0
191,aloisio,537333,2,1
191,aloisio,537335,1,2
191,aloisio,537337,1,1
28,alonso,537327,2,0
28,alonso,537328,0,0
28,alonso,537329,1,0
28,alonso,537330,2,1
28,alonso,537332,1,1
28,alonso,537331,3,0
28,alonso,537333,1,0
28,alonso,537334,0,2
28,alonso,537335,2,0
28,alonso,537336,2,1
28,alonso,537337,0,2
28,alonso,537338,1,3
28,alonso,537339,1,0
28,alonso,537340,1,4
28,alonso,537342,2,0
28,alonso,537341,4,0
28,alonso,537344,1,2
28,alonso,537343,3,0
28,alonso,537345,1,2
28,alonso,537346,0,3
28,alonso,537348,3,1
28,alonso,537347,1,1
28,alonso,537350,2,1
28,alonso,537349,0,2
28,alonso,537351,6,0
28,alonso,537352,1,1
28,alonso,537353,2,0
28,alonso,537354,0,2
28,alonso,537356,0,3
28,alonso,537355,1,3
28,alonso,537357,3,2
28,alonso,537358,1,0
28,alonso,537359,2,1
28,alonso,537360,0,1
28,alonso,537361,2,1
28,alonso,537362,1,1
28,alonso,537363,3,0
28,alonso,537364,2,0
28,alonso,537365,1,1
28,alonso,537366,1,1
28,alonso,537368,1,2
28,alonso,537367,4,0
28,alonso,537369,6,1
28,alonso,537370,1,3
28,alonso,537371,4,0
28,alonso,537372,0,2
28,alonso,537373,3,3
28,alonso,537374,2,3
28,alonso,537391,0,1
28,alonso,537392,0,3
28,alonso,537393,2,0
28,alonso,537394,2,2
28,alonso,537395,2,2
28,alonso,537396,3,0
28,alonso,537397,2,2
28,alonso,537398,3,1
28,alonso,537399,2,2
28,alonso,537400,2,0
28,alonso,537401,4,0
28,alonso,537402,1,2
28,alonso,537403,3,0
28,alonso,537404,1,3
28,alonso,537405,4,0
28,alonso,537406,1,3
28,alonso,537407,1,2
28,alonso,537408,2,2
28,alonso,537409,1,0
28,alonso,537410,2,0
28,alonso,537411,2,2
28,alonso,537412,3,0
28,alonso,537413,4,1
28,alonso,537414,3,3
37,michel,537327,1,0
37,michel,537328,1,1
37,michel,537329,0,1
37,michel,537330,1,0
37,michel,537332,0,1
37,michel,537331,0,1
37,michel,537333,1,0
37,michel,537334,0,2
37,michel,537335,0,1
37,michel,537336,1,0
37,michel,537337,0,1
37,michel,537338,1,0
37,michel,537339,1,0
37,michel,537340,0,1
37,michel,537342,1,0
37,michel,537341,3,0
37,michel,537344,1,0
37,michel,537343,1,0
37,michel,537345,1,0
37,michel,537346,0,1
37,michel,537348,1,0
37,michel,537347,0,1
37,michel,537350,1,0
37,michel,537349,1,1
37,michel,537351,2,0
37,michel,537352,0,1
37,michel,537353,1,0
37,michel,537354,0,2
37,michel,537356,0,2
37,michel,537355,1,0
37,michel,537357,1,0
37,michel,537358,1,0
37,michel,537359,1,0
37,michel,537360,1,0
37,michel,537361,1,0
37,michel,537362,1,0
37,michel,537363,1,0
37,michel,537364,1,0
37,michel,537365,1,0
37,michel,537366,1,0
37,michel,537368,1,0
37,michel,537367,1,0
37,michel,537369,3,0
37,michel,537370,0,1
37,michel,537371,2,0
37,michel,537372,0,1
37,michel,537373,1,0
37,michel,537374,1,1
37,michel,537391,1,0
37,michel,537392,0,2
37,michel,537393,2,0
37,michel,537394,0,1
37,michel,537395,1,0
37,michel,537396,1,0
37,michel,537397,1,0
37,michel,537398,1,0
37,michel,537399,1,0
37,michel,537400,1,0
37,michel,537401,2,0
37,michel,537402,0,1
37,michel,537403,1,0
37,michel,537404,0,1
37,michel,537405,2,0
37,michel,537406,0,1
37,michel,537407,1,0
37,michel,537408,1,0
37,michel,537409,1,0
37,michel,537410,1,0
37,michel,537411,1,0
37,michel,537412,1,0
37,michel,537413,1,0
37,michel,537414,1,0
19,fabner,537351,7,0
19,fabner,537352,1,1
19,fabner,537353,2,1
19,fabner,537354,0,3
19,fabner,537356,0,2
19,fabner,537355,2,0
19,fabner,537357,2,1
19,fabner,537358,1,0
19,fabner,537359,2,0
19,fabner,537360,2,0
19,fabner,537361,2,0
19,fabner,537362,1,1
19,fabner,537363,2,1
19,fabner,537364,2,2
19,fabner,537365,3,0
19,fabner,537366,2,0
19,fabner,537368,3,1
19,fabner,537367,3,0
19,fabner,537369,5,0
19,fabner,537370,0,2
19,fabner,537371,3,0
19,fabner,537372,0,4
19,fabner,537373,2,1
19,fabner,537374,1,2
19,fabner,537391,2,0
19,fabner,537392,0,2
19,fabner,537393,4,0
19,fabner,537394,1,1
19,fabner,537395,2,1
19,fabner,537396,2,0
38,raphael,537327,2,1
38,raphael,537328,1,0
38,raphael,537329,0,2
38,raphael,537330,2,2
38,raphael,537332,1,3
38,raphael,537331,1,1
38,raphael,537333,2,1
38,raphael,537334,0,2
38,raphael,537335,1,2
38,raphael,537336,2,1
38,raphael,537337,1,1
38,raphael,537338,3,0
38,raphael,537339,3,1
38,raphael,537340,0,2
38,raphael,537342,2,0
38,raphael,537341,4,0
38,raphael,537344,2,1
38,raphael,537343,3,0
38,raphael,537345,2,0
38,raphael,537346,0,2
38,raphael,537348,2,0
38,raphael,537347,1,1
38,raphael,537350,1,1
38,raphael,537349,2,2
38,raphael,537351,6,0
38,raphael,537352,1,1
38,raphael,537353,2,0
38,raphael,537354,0,3
38,raphael,537356,0,2
38,raphael,537355,2,1
38,raphael,537357,2,2
38,raphael,537358,2,0
38,raphael,537359,1,1
38,raphael,537360,2,1
38,raphael,537361,2,0
38,raphael,537362,1,2
38,raphael,537363,2,1
38,raphael,537364,3,1
38,raphael,537365,2,1
38,raphael,537366,2,0
38,raphael,537368,2,1
38,raphael,537367,4,0
38,raphael,537369,5,0
38,raphael,537370,1,2
38,raphael,537371,4,0
38,raphael,537372,0,3
38,raphael,537373,2,1
38,raphael,537374,1,1
38,raphael,537391,3,1
38,raphael,537392,0,2
38,raphael,537393,4,0
38,raphael,537394,1,1
38,raphael,537395,2,1
38,raphael,537396,2,0
38,raphael,537397,3,0
38,raphael,537398,2,0
38,raphael,537399,2,1
38,raphael,537400,2,0
38,raphael,537401,3,0
38,raphael,537402,1,1
38,raphael,537403,5,0
38,raphael,537404,1,2
38,raphael,537405,2,0
38,raphael,537406,1,1
38,raphael,537407,3,1
38,raphael,537408,1,2
38,raphael,537409,2,1
38,raphael,537410,2,0
38,raphael,537411,2,0
38,raphael,537412,2,0
38,raphael,537413,3,1
38,raphael,537414,1,1
19,fabner,537397,3,0
19,fabner,537398,3,0
19,fabner,537399,2,0
19,fabner,537402,0,3
20,motoka,537327,2,0
20,motoka,537328,2,1
20,motoka,537329,0,1
20,motoka,537330,2,1
20,motoka,537332,1,2
20,motoka,537331,1,0
20,motoka,537333,0,1
20,motoka,537334,0,2
20,motoka,537335,1,1
20,motoka,537336,2,0
20,motoka,537337,0,1
20,motoka,537338,2,0
20,motoka,537339,3,1
20,motoka,537340,0,2
20,motoka,537342,2,1
20,motoka,537341,4,0
20,motoka,537344,2,0
20,motoka,537343,3,1
20,motoka,537345,2,1
20,motoka,537346,0,1
20,motoka,537348,2,1
20,motoka,537347,0,1
20,motoka,537350,1,0
20,motoka,537349,2,1
20,motoka,537351,3,0
20,motoka,537352,1,1
20,motoka,537353,2,1
20,motoka,537354,0,2
20,motoka,537356,0,3
20,motoka,537355,2,1
20,motoka,537357,2,0
20,motoka,537358,1,0
20,motoka,537359,3,1
20,motoka,537360,2,0
20,motoka,537361,3,0
20,motoka,537362,2,1
20,motoka,537363,2,1
20,motoka,537364,2,0
20,motoka,537365,2,0
20,motoka,537366,3,0
20,motoka,537368,1,0
20,motoka,537367,3,0
20,motoka,537369,4,0
20,motoka,537370,0,2
20,motoka,537371,3,0
20,motoka,537372,0,2
20,motoka,537373,2,1
20,motoka,537374,0,1
20,motoka,537391,1,1
20,motoka,537392,0,1
20,motoka,537393,3,1
20,motoka,537394,1,1
20,motoka,537395,1,1
20,motoka,537396,2,1
20,motoka,537397,2,0
20,motoka,537398,2,1
20,motoka,537399,2,0
20,motoka,537400,1,0
20,motoka,537401,3,0
20,motoka,537402,0,1
20,motoka,537403,3,0
20,motoka,537404,0,2
20,motoka,537405,3,0
20,motoka,537406,0,2
20,motoka,537407,3,1
20,motoka,537408,1,0
20,motoka,537409,1,1
20,motoka,537410,2,0
20,motoka,537411,2,0
20,motoka,537412,2,0
20,motoka,537413,3,0
20,motoka,537414,1,0
16,botinha,537328,1,1
16,botinha,537329,0,2
16,botinha,537330,3,0
16,botinha,537332,1,2
16,botinha,537331,1,2
16,botinha,537334,0,2
16,botinha,537337,0,1
16,botinha,537341,4,0
21,kiwi,537328,1,1
21,kiwi,537329,0,1
21,kiwi,537330,1,1
31,marinho,537327,2,0
31,marinho,537328,1,0
31,marinho,537329,1,1
31,marinho,537330,2,0
31,marinho,537332,0,1
31,marinho,537331,2,0
31,marinho,537333,2,0
31,marinho,537334,0,1
31,marinho,537335,0,1
31,marinho,537336,2,0
31,marinho,537337,1,1
31,marinho,537338,1,0
31,marinho,537339,2,0
31,marinho,537340,0,2
31,marinho,537342,1,0
31,marinho,537341,4,0
31,marinho,537344,2,0
31,marinho,537343,3,0
31,marinho,537345,1,0
31,marinho,537346,0,1
31,marinho,537348,1,0
31,marinho,537347,0,1
31,marinho,537350,2,1
31,marinho,537349,1,1
31,marinho,537351,4,0
31,marinho,537352,0,0
31,marinho,537353,2,0
31,marinho,537354,0,1
31,marinho,537356,0,2
31,marinho,537355,2,0
31,marinho,537357,1,0
31,marinho,537358,1,0
31,marinho,537359,1,0
31,marinho,537360,1,0
31,marinho,537361,2,0
31,marinho,537362,1,0
31,marinho,537363,1,0
31,marinho,537364,1,0
31,marinho,537365,2,0
31,marinho,537366,1,0
31,marinho,537368,1,0
31,marinho,537367,2,0
31,marinho,537369,4,0
31,marinho,537370,0,1
31,marinho,537371,3,0
31,marinho,537372,0,2
31,marinho,537373,2,0
31,marinho,537374,1,1
31,marinho,537391,2,0
31,marinho,537392,0,2
31,marinho,537393,3,0
31,marinho,537394,0,2
31,marinho,537395,2,1
31,marinho,537396,1,0
31,marinho,537397,2,0
31,marinho,537398,1,0
31,marinho,537399,2,0
31,marinho,537400,1,1
31,marinho,537401,3,0
31,marinho,537402,0,1
31,marinho,537403,2,0
31,marinho,537404,0,1
31,marinho,537405,2,0
31,marinho,537406,0,1
31,marinho,537407,1,0
31,marinho,537408,0,0
31,marinho,537409,2,1
31,marinho,537410,1,0
31,marinho,537411,2,0
31,marinho,537412,1,0
31,marinho,537413,3,0
31,marinho,537414,1,0
192,maurity,537327,2,0
192,maurity,537328,1,1
192,maurity,537329,1,3
192,maurity,537330,2,2
192,maurity,537332,1,1
192,maurity,537331,0,0
192,maurity,537333,1,2
192,maurity,537334,0,2
192,maurity,537335,1,2
192,maurity,537336,2,2
192,maurity,537337,0,1
192,maurity,537338,2,0
192,maurity,537339,2,0
192,maurity,537340,0,3
192,maurity,537342,2,1
192,maurity,537341,5,0
192,maurity,537344,2,1
192,maurity,537343,4,1
192,maurity,537345,2,2
192,maurity,537346,0,2
192,maurity,537348,3,1
192,maurity,537347,1,3
192,maurity,537350,1,0
192,maurity,537349,2,2
192,maurity,537351,6,0
192,maurity,537352,2,1
192,maurity,537353,3,1
192,maurity,537354,1,4
192,maurity,537356,0,5
192,maurity,537355,1,1
192,maurity,537357,2,1
192,maurity,537358,2,0
192,maurity,537359,2,2
192,maurity,537360,1,0
192,maurity,537361,2,0
192,maurity,537362,1,1
192,maurity,537363,2,1
192,maurity,537364,0,0
192,maurity,537365,1,0
192,maurity,537366,3,1
192,maurity,537368,1,1
192,maurity,537367,1,0
192,maurity,537369,7,0
192,maurity,537370,1,3
192,maurity,537371,4,1
192,maurity,537372,0,4
192,maurity,537373,2,1
192,maurity,537374,1,2
192,maurity,537391,1,1
192,maurity,537392,1,3
192,maurity,537393,4,0
192,maurity,537394,1,1
192,maurity,537395,2,1
192,maurity,537396,2,0
192,maurity,537397,3,0
192,maurity,537398,4,0
192,maurity,537399,2,1
192,maurity,537400,2,1
192,maurity,537401,7,1
192,maurity,537402,1,1
192,maurity,537403,4,0
192,maurity,537404,0,2
192,maurity,537405,5,1
192,maurity,537406,1,3
192,maurity,537407,2,0
192,maurity,537408,1,1
192,maurity,537409,3,1
192,maurity,537410,2,0
192,maurity,537411,1,0
192,maurity,537412,3,1
192,maurity,537413,6,0
192,maurity,537414,2,2
189,breno,537327,2,0
189,breno,537328,1,1
189,breno,537329,1,2
189,breno,537330,2,1
189,breno,537331,1,1
189,breno,537332,0,3
189,breno,537333,0,2
189,breno,537334,0,2
189,breno,537335,0,1
189,breno,537336,0,1
189,breno,537337,0,1
189,breno,537338,3,1
189,breno,537409,2,2
189,breno,537410,2,0
189,breno,537411,3,0
189,breno,537412,3,1
189,breno,537413,4,1
189,breno,537414,2,0
21,kiwi,537327,2,1
21,kiwi,537332,1,2
21,kiwi,537331,1,1
21,kiwi,537341,3,0
190,ticle,537327,2,0
190,ticle,537328,1,1
190,ticle,537329,1,1
190,ticle,537330,2,1
190,ticle,537332,0,0
190,ticle,537331,1,0
190,ticle,537333,2,0
190,ticle,537334,0,3
190,ticle,537335,1,2
190,ticle,537336,3,0
190,ticle,537337,1,2
190,ticle,537338,0,0
190,ticle,537339,3,1
190,ticle,537340,0,0
190,ticle,537342,1,2
190,ticle,537341,3,0
190,ticle,537344,3,1
190,ticle,537343,2,0
190,ticle,537345,2,1
190,ticle,537346,0,2
190,ticle,537348,0,0
190,ticle,537347,1,0
190,ticle,537350,1,0
190,ticle,537349,1,1
190,ticle,537351,4,0
190,ticle,537352,2,2
190,ticle,537353,3,0
190,ticle,537354,0,2
190,ticle,537356,0,1
190,ticle,537355,2,0
190,ticle,537357,2,1
190,ticle,537358,1,0
190,ticle,537359,1,0
190,ticle,537360,0,0
190,ticle,537361,2,0
190,ticle,537362,1,0
190,ticle,537363,4,1
190,ticle,537364,0,0
190,ticle,537365,3,0
190,ticle,537366,1,1
190,ticle,537368,2,0
190,ticle,537367,3,1
190,ticle,537369,4,0
190,ticle,537370,0,2
190,ticle,537371,3,0
190,ticle,537372,1,3
190,ticle,537373,1,0
190,ticle,537374,0,0
190,ticle,537391,3,0
190,ticle,537392,0,2
190,ticle,537393,5,1
190,ticle,537394,1,1
190,ticle,537395,2,0
190,ticle,537396,2,0
190,ticle,537397,3,0
190,ticle,537398,2,0
190,ticle,537399,2,1
190,ticle,537400,1,2
190,ticle,537401,4,0
190,ticle,537402,1,2
190,ticle,537403,3,0
190,ticle,537404,1,0
190,ticle,537405,5,0
190,ticle,537406,0,1
190,ticle,537407,2,1
190,ticle,537408,2,0
190,ticle,537409,1,1
190,ticle,537410,3,0
190,ticle,537411,2,0
190,ticle,537412,4,1
190,ticle,537413,6,0
190,ticle,537414,2,1
189,breno,537403,3,0
189,breno,537404,1,1
189,breno,537405,2,1
189,breno,537406,0,2
189,breno,537407,3,2
189,breno,537408,1,2
21,kiwi,537333,2,0
21,kiwi,537334,0,1
21,kiwi,537335,0,2
21,kiwi,537336,1,0
21,kiwi,537337,1,1
21,kiwi,537338,0,1
21,kiwi,537339,3,1
21,kiwi,537340,0,1
21,kiwi,537342,1,0
21,kiwi,537344,1,0
21,kiwi,537343,2,0
189,breno,537397,3,0
189,breno,537398,2,0
189,breno,537399,2,1
189,breno,537400,1,0
189,breno,537401,4,1
189,breno,537402,1,1
189,breno,537363,2,1
189,breno,537364,2,0
189,breno,537365,3,1
189,breno,537366,3,0
189,breno,537367,4,0
189,breno,537368,1,0
16,botinha,537333,3,1
16,botinha,537335,0,1
16,botinha,537336,3,0
16,botinha,537338,2,1
16,botinha,537340,1,3
16,botinha,537342,3,1
16,botinha,537343,3,0
16,botinha,537345,1,1
16,botinha,537346,0,2
16,botinha,537348,3,1
16,botinha,537347,0,1
16,botinha,537350,3,1
16,botinha,537349,1,1
16,botinha,537369,6,0
21,kiwi,537369,4,0
21,kiwi,537370,0,1
21,kiwi,537371,2,0
21,kiwi,537372,0,3
21,kiwi,537373,2,1
21,kiwi,537374,1,1
189,breno,537369,3,0
189,breno,537370,0,0
189,breno,537371,2,0
189,breno,537372,0,2
189,breno,537373,2,1
189,breno,537374,1,1
189,breno,537391,3,1
189,breno,537392,0,2
189,breno,537393,2,0
189,breno,537394,1,2
189,breno,537395,2,1
189,breno,537396,2,0
189,breno,537351,4,0
189,breno,537352,2,2
189,breno,537353,2,2
189,breno,537354,0,2
189,breno,537355,2,0
189,breno,537356,0,1
189,breno,537357,2,2
189,breno,537358,0,0
189,breno,537359,2,1
189,breno,537360,3,1
189,breno,537361,2,1
189,breno,537362,2,0
21,kiwi,537351,3,0
21,kiwi,537352,2,1
21,kiwi,537353,1,0
21,kiwi,537354,0,1
21,kiwi,537356,0,2
21,kiwi,537355,3,1
189,breno,537345,1,1
189,breno,537346,0,2
189,breno,537348,1,0
189,breno,537347,1,2
189,breno,537349,0,2
189,breno,537350,2,0
189,breno,537339,2,1
189,breno,537340,0,2
189,breno,537342,2,1
189,breno,537341,3,0
189,breno,537343,4,0
189,breno,537344,2,1
21,kiwi,537363,1,0
21,kiwi,537365,2,0
21,kiwi,537391,3,1
21,kiwi,537392,0,2
21,kiwi,537393,4,1
21,kiwi,537394,1,1
21,kiwi,537395,2,0
21,kiwi,537396,1,0
21,kiwi,537397,3,0
21,kiwi,537398,1,0
21,kiwi,537399,2,0
21,kiwi,537400,1,0
21,kiwi,537401,4,0
21,kiwi,537402,1,1
21,kiwi,537403,3,0
21,kiwi,537404,0,2
21,kiwi,537405,2,0
21,kiwi,537406,0,2
21,kiwi,537407,2,1
21,kiwi,537408,1,1
21,kiwi,537364,0,1
21,kiwi,537366,1,0
21,kiwi,537368,2,1
21,kiwi,537367,3,0
16,botinha,537351,5,0
16,botinha,537354,0,4
16,botinha,537356,0,2
16,botinha,537370,1,1
16,botinha,537371,5,0
16,botinha,537372,0,2
16,botinha,537373,2,1
16,botinha,537374,0,1
16,botinha,537391,4,1
16,botinha,537392,0,1
16,botinha,537393,3,0
16,botinha,537394,1,2
16,botinha,537395,2,1
16,botinha,537396,3,2
16,botinha,537397,4,1
16,botinha,537398,2,0
16,botinha,537399,2,1
16,botinha,537400,1,0
16,botinha,537401,3,0
273,felipe,537327,2,0
273,felipe,537328,1,2
273,felipe,537329,0,2
273,felipe,537330,1,0
273,felipe,537332,1,2
273,felipe,537331,2,1
273,felipe,537333,0,2
273,felipe,537334,0,2
273,felipe,537335,0,1
273,felipe,537336,1,1
273,felipe,537337,0,3
273,felipe,537338,2,0
273,felipe,537339,2,0
273,felipe,537340,0,3
273,felipe,537342,2,0
273,felipe,537341,4,0
273,felipe,537344,1,0
273,felipe,537343,4,1
273,felipe,537345,1,4
273,felipe,537346,0,2
273,felipe,537348,1,0
273,felipe,537347,1,3
273,felipe,537350,2,0
273,felipe,537349,0,2
273,felipe,537351,5,0
273,felipe,537352,1,1
273,felipe,537353,2,1
273,felipe,537354,0,3
273,felipe,537356,0,3
273,felipe,537355,2,1
273,felipe,537357,3,0
273,felipe,537358,2,0
273,felipe,537359,2,1
273,felipe,537360,1,0
273,felipe,537361,2,1
273,felipe,537362,1,2
273,felipe,537363,3,1
273,felipe,537364,1,0
273,felipe,537365,3,0
273,felipe,537366,2,0
273,felipe,537368,2,0
273,felipe,537367,3,0
273,felipe,537369,5,0
273,felipe,537370,0,3
273,felipe,537371,3,1
273,felipe,537372,0,3
273,felipe,537373,2,1
273,felipe,537374,1,2
273,felipe,537391,3,1
273,felipe,537392,0,2
273,felipe,537393,3,0
273,felipe,537394,0,2
273,felipe,537395,2,1
273,felipe,537396,2,0
273,felipe,537397,3,0
273,felipe,537398,2,0
273,felipe,537399,4,0
273,felipe,537400,2,0
273,felipe,537401,4,0
273,felipe,537402,0,2
273,felipe,537403,4,0
273,felipe,537404,0,3
273,felipe,537405,3,0
273,felipe,537406,1,4
273,felipe,537407,2,1
273,felipe,537408,1,3
273,felipe,537409,2,1
273,felipe,537410,3,1
273,felipe,537411,1,0
273,felipe,537412,2,0
273,felipe,537413,3,0
273,felipe,537414,3,1
16,botinha,537352,1,2
16,botinha,537353,1,1
16,botinha,537355,2,1
16,botinha,537357,1,2
16,botinha,537358,1,0
16,botinha,537359,1,0
16,botinha,537360,1,0
16,botinha,537361,3,1
16,botinha,537362,1,1
16,botinha,537363,2,0
16,botinha,537364,1,0
16,botinha,537365,1,1
16,botinha,537366,2,1
16,botinha,537368,1,1
16,botinha,537367,3,0
22,famato,537327,2,0
22,famato,537328,0,1
22,famato,537333,1,0
22,famato,537345,2,1
16,botinha,537402,0,0
16,botinha,537403,4,0
16,botinha,537404,0,0
16,botinha,537405,3,1
16,botinha,537406,1,3
16,botinha,537407,2,1
16,botinha,537408,0,1
16,botinha,537409,1,0
16,botinha,537410,3,0
16,botinha,537411,2,1
16,botinha,537412,1,0
16,botinha,537413,3,0
16,botinha,537414,1,2
21,kiwi,537357,3,1
21,kiwi,537358,1,0
21,kiwi,537359,2,2
21,kiwi,537360,1,0
21,kiwi,537361,2,0
21,kiwi,537362,1,1
21,kiwi,537409,1,1
21,kiwi,537410,1,0
21,kiwi,537411,3,0
21,kiwi,537412,3,0
21,kiwi,537413,4,0
21,kiwi,537414,3,1
22,famato,537334,0,2
22,famato,537339,2,1
22,famato,537340,0,2
21,kiwi,537345,1,1
21,kiwi,537346,1,2
21,kiwi,537348,2,2
21,kiwi,537347,1,1
21,kiwi,537350,1,0
21,kiwi,537349,0,2
22,famato,537346,0,2
22,famato,537351,3,0
22,famato,537352,0,1
22,famato,537357,1,0
22,famato,537358,1,0
22,famato,537363,2,0
22,famato,537364,1,0
22,famato,537369,2,0
22,famato,537370,0,2
22,famato,537391,2,1
22,famato,537392,0,2
22,famato,537397,2,0
22,famato,537398,2,0
22,famato,537403,3,0
22,famato,537404,0,2
22,famato,537409,1,0
22,famato,537410,1,0
22,famato,537342,1,0
22,famato,537341,3,0
22,famato,537348,1,0
22,famato,537347,1,2
22,famato,537353,1,0
22,famato,537354,0,3
22,famato,537359,1,0
22,famato,537360,1,0
22,famato,537365,2,0
22,famato,537366,1,0
22,famato,537371,2,0
22,famato,537372,0,2
22,famato,537393,2,0
22,famato,537394,0,1
22,famato,537399,1,0
22,famato,537400,1,0
22,famato,537405,2,0
22,famato,537406,0,2
22,famato,537411,2,0
22,famato,537412,1,0
22,famato,537331,1,0
22,famato,537332,0,1
22,famato,537337,0,1
22,famato,537338,1,0
22,famato,537343,2,0
22,famato,537344,2,0
22,famato,537349,0,0
22,famato,537350,0,0
22,famato,537355,1,0
22,famato,537356,0,1
22,famato,537361,1,0
22,famato,537362,1,0
22,famato,537373,2,1
22,famato,537374,0,0
22,famato,537395,1,0
22,famato,537396,1,0
22,famato,537367,1,0
22,famato,537368,0,0
22,famato,537401,2,0
22,famato,537402,1,1
22,famato,537407,1,0
22,famato,537408,0,0
22,famato,537413,1,0
22,famato,537414,1,0
22,famato,537329,0,0
22,famato,537330,1,0
22,famato,537335,0,1
22,famato,537336,1,0
19,fabner,537400,2,0
19,fabner,537401,4,0
19,fabner,537403,3,0
19,fabner,537404,0,4
19,fabner,537405,5,0
19,fabner,537406,0,2
19,fabner,537407,1,1
19,fabner,537408,0,0
19,fabner,537409,2,1
19,fabner,537410,2,0
19,fabner,537411,2,0
19,fabner,537412,2,0
19,fabner,537413,3,0
19,fabner,537414,1,1
31,marinho,537371,0,1
31,marinho,537372,1,2
31,marinho,537373,0,0
31,marinho,537374,2,2
31,marinho,537391,0,1
31,marinho,537392,2,0
31,marinho,537393,2,1
31,marinho,537394,1,0
31,marinho,537395,1,1
31,marinho,537396,2,0
31,marinho,537397,0,2
31,marinho,537398,0,0
31,marinho,537399,0,0
31,marinho,537400,0,2
31,marinho,537401,2,0
31,marinho,537402,1,1
31,marinho,537403,0,2
31,marinho,537404,2,2
31,marinho,537405,1,2
31,marinho,537406,1,2
31,marinho,537407,1,1
31,marinho,537408,2,1
31,marinho,537409,2,2
31,marinho,537410,1,2
31,marinho,537411,2,0
31,marinho,537412,2,2
31,marinho,537413,0,1
31,marinho,537414,0,0
32,gabriel,537327,0,1
32,gabriel,537328,0,1
32,gabriel,537329,0,2
32,gabriel,537330,1,0
32,gabriel,537331,2,0
32,gabriel,537332,0,2
32,gabriel,537333,0,0
32,gabriel,537334,2,0
32,gabriel,537335,2,1
32,gabriel,537336,0,1
32,gabriel,537337,1,1
32,gabriel,537338,1,0
32,gabriel,537339,0,2
32,gabriel,537340,0,0
32,gabriel,537341,1,0
32,gabriel,537342,2,0
32,gabriel,537343,1,2
32,gabriel,537344,0,0
32,gabriel,537345,1,1
32,gabriel,537346,2,2
32,gabriel,537347,1,1
32,gabriel,537348,2,0
32,gabriel,537349,1,1
32,gabriel,537350,0,0
32,gabriel,537351,2,1
32,gabriel,537352,2,2
32,gabriel,537353,2,2
32,gabriel,537354,1,1
32,gabriel,537355,0,0
32,gabriel,537356,2,2
32,gabriel,537357,2,0
32,gabriel,537358,0,2
32,gabriel,537359,0,1
32,gabriel,537360,0,1
32,gabriel,537361,0,1
32,gabriel,537362,2,0
32,gabriel,537363,1,2
32,gabriel,537364,2,2
32,gabriel,537365,0,1
32,gabriel,537366,1,2
32,gabriel,537367,1,2
32,gabriel,537368,1,2
32,gabriel,537369,0,0
32,gabriel,537370,2,0
32,gabriel,537371,0,2
32,gabriel,537372,0,2
32,gabriel,537373,1,2
32,gabriel,537374,0,0
32,gabriel,537391,1,1
32,gabriel,537392,1,2
32,gabriel,537393,1,2
32,gabriel,537394,1,0
32,gabriel,537395,1,2
32,gabriel,537396,0,1
32,gabriel,537397,0,1
32,gabriel,537398,2,2
32,gabriel,537399,2,0
32,gabriel,537400,0,2
32,gabriel,537401,2,0
32,gabriel,537402,1,2
32,gabriel,537403,0,2
32,gabriel,537404,1,0
32,gabriel,537405,2,1
32,gabriel,537406,2,0
32,gabriel,537407,0,0
32,gabriel,537408,2,1
32,gabriel,537409,1,1
32,gabriel,537410,1,1
32,gabriel,537411,1,2
32,gabriel,537412,1,0
32,gabriel,537413,1,1
32,gabriel,537414,1,1
33,impera,537327,0,2
33,impera,537328,0,0
33,impera,537329,1,0
33,impera,537330,2,0
33,impera,537331,1,2
33,impera,537332,1,0
33,impera,537333,2,2
33,impera,537334,0,1
33,impera,537335,2,2
33,impera,537336,2,0
33,impera,537337,0,1
33,impera,537338,0,0
33,impera,537339,1,1
33,impera,537340,1,0
33,impera,537341,1,1
33,impera,537342,2,2
33,impera,537343,1,2
33,impera,537344,0,1
33,impera,537345,1,0
33,impera,537346,2,1
33,impera,537347,2,2
33,impera,537348,0,0
33,impera,537349,2,0
33,impera,537350,1,1
33,impera,537351,2,1
33,impera,537352,1,2
33,impera,537353,1,2
33,impera,537354,2,0
33,impera,537355,0,2
33,impera,537356,0,1
33,impera,537357,0,1
33,impera,537358,0,1
33,impera,537359,0,0
33,impera,537360,2,0
33,impera,537361,2,2
33,impera,537362,1,2
33,impera,537363,0,2
33,impera,537364,0,0
33,impera,537365,0,2
33,impera,537366,1,1
33,impera,537367,2,2
33,impera,537368,2,0
33,impera,537369,2,1
33,impera,537370,0,2
33,impera,537371,0,1
33,impera,537372,2,2
33,impera,537373,1,2
33,impera,537374,1,1
33,impera,537391,0,0
33,impera,537392,0,0
33,impera,537393,1,0
33,impera,537394,2,0
33,impera,537395,0,0
33,impera,537396,2,1
33,impera,537397,2,2
33,impera,537398,1,1
33,impera,537399,2,1
33,impera,537400,0,0
33,impera,537401,1,1
33,impera,537402,2,0
33,impera,537403,2,0
33,impera,537404,0,2
33,impera,537405,2,1
33,impera,537406,2,2
33,impera,537407,1,2
33,impera,537408,2,0
33,impera,537409,1,2
33,impera,537410,0,0
33,impera,537411,0,0
33,impera,537412,0,1
33,impera,537413,1,0
33,impera,537414,2,2
34,imperinha,537327,2,2
34,imperinha,537328,2,1
34,imperinha,537329,0,1
34,imperinha,537330,2,1
34,imperinha,537331,0,1
34,imperinha,537332,0,2
34,imperinha,537333,0,1
34,imperinha,537334,1,1
34,imperinha,537335,0,1
34,imperinha,537336,1,2
34,imperinha,537337,1,1
34,imperinha,537338,1,0
34,imperinha,537339,0,0
34,imperinha,537340,1,1
34,imperinha,537341,2,0
34,imperinha,537342,0,1
34,imperinha,537343,1,2
34,imperinha,537344,1,2
34,imperinha,537345,2,2
34,imperinha,537346,1,1
34,imperinha,537347,2,2
34,imperinha,537348,1,0
34,imperinha,537349,0,1
34,imperinha,537350,0,0
34,imperinha,537351,0,2
34,imperinha,537352,2,0
34,imperinha,537353,2,0
34,imperinha,537354,0,0
34,imperinha,537355,2,2
34,imperinha,537356,0,0
34,imperinha,537357,1,2
34,imperinha,537358,2,2
34,imperinha,537359,2,0
34,imperinha,537360,2,1
34,imperinha,537361,0,1
34,imperinha,537362,0,0
34,imperinha,537363,2,1
34,imperinha,537364,0,1
34,imperinha,537365,1,2
34,imperinha,537366,2,1
34,imperinha,537367,0,2
34,imperinha,537368,2,2
34,imperinha,537369,1,1
34,imperinha,537370,0,2
34,imperinha,537371,1,0
34,imperinha,537372,2,2
34,imperinha,537373,0,1
34,imperinha,537374,1,2
34,imperinha,537391,1,2
34,imperinha,537392,1,2
34,imperinha,537393,1,2
34,imperinha,537394,2,2
34,imperinha,537395,0,1
34,imperinha,537396,0,1
34,imperinha,537397,2,0
34,imperinha,537398,0,2
34,imperinha,537399,0,2
34,imperinha,537400,0,0
34,imperinha,537401,2,0
34,imperinha,537402,2,2
34,imperinha,537403,2,2
34,imperinha,537404,2,0
34,imperinha,537405,2,0
34,imperinha,537406,1,0
34,imperinha,537407,1,0
34,imperinha,537408,0,2
34,imperinha,537409,2,1
34,imperinha,537410,0,1
34,imperinha,537411,2,1
34,imperinha,537412,2,2
34,imperinha,537413,1,2
34,imperinha,537414,1,1
35,calango frito,537327,1,2
35,calango frito,537328,0,2
35,calango frito,537329,1,2
35,calango frito,537330,2,0
35,calango frito,537331,0,1
35,calango frito,537332,0,2
35,calango frito,537333,0,2
35,calango frito,537334,0,1
35,calango frito,537335,2,1
35,calango frito,537336,2,1
35,calango frito,537337,0,1
35,calango frito,537338,0,0
35,calango frito,537339,1,2
35,calango frito,537340,2,2
35,calango frito,537341,2,2
35,calango frito,537342,0,1
35,calango frito,537343,1,1
35,calango frito,537344,0,1
35,calango frito,537345,1,2
35,calango frito,537346,2,2
35,calango frito,537347,2,1
35,calango frito,537348,2,1
35,calango frito,537349,0,0
35,calango frito,537350,2,0
35,calango frito,537351,1,0
35,calango frito,537352,2,1
35,calango frito,537353,0,1
35,calango frito,537354,2,2
35,calango frito,537355,2,2
35,calango frito,537356,1,1
35,calango frito,537357,2,2
35,calango frito,537358,1,2
35,calango frito,537359,2,1
35,calango frito,537360,1,2
35,calango frito,537361,2,0
35,calango frito,537362,0,1
35,calango frito,537363,2,1
35,calango frito,537364,0,1
35,calango frito,537365,2,0
35,calango frito,537366,0,1
35,calango frito,537367,0,0
35,calango frito,537368,2,0
35,calango frito,537369,2,1
35,calango frito,537370,1,2
35,calango frito,537371,1,1
35,calango frito,537372,2,0
35,calango frito,537373,1,0
35,calango frito,537374,2,0
35,calango frito,537391,2,2
35,calango frito,537392,2,0
35,calango frito,537393,1,0
35,calango frito,537394,0,2
35,calango frito,537395,1,2
35,calango frito,537396,0,1
35,calango frito,537397,1,2
35,calango frito,537398,2,2
35,calango frito,537399,2,0
35,calango frito,537400,2,2
35,calango frito,537401,1,0
35,calango frito,537402,0,0
35,calango frito,537403,1,0
35,calango frito,537404,0,0
35,calango frito,537405,1,0
35,calango frito,537406,0,2
35,calango frito,537407,0,2
35,calango frito,537408,0,2
35,calango frito,537409,2,2
35,calango frito,537410,0,1
35,calango frito,537411,1,2
35,calango frito,537412,0,1
35,calango frito,537413,1,1
35,calango frito,537414,2,1
36,dl,537327,0,1
36,dl,537328,1,0
36,dl,537329,0,0
36,dl,537330,2,2
36,dl,537331,1,2
36,dl,537332,2,0
36,dl,537333,1,0
36,dl,537334,2,0
36,dl,537335,2,0
36,dl,537336,1,0
36,dl,537337,1,2
36,dl,537338,1,0
36,dl,537339,0,0
36,dl,537340,1,0
36,dl,537341,1,1
36,dl,537342,0,0
36,dl,537343,2,2
36,dl,537344,0,2
36,dl,537345,1,0
36,dl,537346,2,1
36,dl,537347,1,2
36,dl,537348,1,1
36,dl,537349,0,1
36,dl,537350,1,1
36,dl,537351,2,1
36,dl,537352,2,2
36,dl,537353,2,2
36,dl,537354,1,1
36,dl,537355,0,0
36,dl,537356,0,2
36,dl,537357,1,2
36,dl,537358,1,1
36,dl,537359,2,1
36,dl,537360,1,2
36,dl,537361,1,1
36,dl,537362,1,0
36,dl,537363,1,1
36,dl,537364,1,1
36,dl,537365,1,0
36,dl,537366,0,1
36,dl,537367,0,2
36,dl,537368,0,1
36,dl,537369,0,1
36,dl,537370,0,1
36,dl,537371,0,0
36,dl,537372,0,2
36,dl,537373,0,2
36,dl,537374,0,0
36,dl,537391,1,0
36,dl,537392,1,0
36,dl,537393,2,0
36,dl,537394,0,2
36,dl,537395,0,1
36,dl,537396,2,1
36,dl,537397,0,1
36,dl,537398,0,0
36,dl,537399,2,1
36,dl,537400,1,0
36,dl,537401,2,2
36,dl,537402,1,0
36,dl,537403,1,0
36,dl,537404,0,0
36,dl,537405,2,2
36,dl,537406,1,2
36,dl,537407,1,2
36,dl,537408,0,1
36,dl,537409,1,0
36,dl,537410,2,0
36,dl,537411,0,2
36,dl,537412,2,2
36,dl,537413,2,2
36,dl,537414,2,2
37,michel,537327,2,0
37,michel,537328,2,0
37,michel,537329,2,0
37,michel,537330,1,1
37,michel,537331,1,2
37,michel,537332,2,1
37,michel,537333,0,1
37,michel,537334,2,2
37,michel,537335,2,2
37,michel,537336,2,0
37,michel,537337,1,0
37,michel,537338,0,2
37,michel,537339,1,1
37,michel,537340,2,2
37,michel,537341,0,0
37,michel,537342,1,1
37,michel,537343,1,0
37,michel,537344,2,2
37,michel,537345,2,2
37,michel,537346,1,2
37,michel,537347,1,2
37,michel,537348,0,0
37,michel,537349,0,1
37,michel,537350,0,1
37,michel,537351,2,0
37,michel,537352,2,2
37,michel,537353,0,2
37,michel,537354,1,2
37,michel,537355,0,0
37,michel,537356,0,1
37,michel,537357,1,2
37,michel,537358,2,0
37,michel,537359,1,2
37,michel,537360,2,2
37,michel,537361,1,0
37,michel,537362,0,1
37,michel,537363,1,0
37,michel,537364,2,0
37,michel,537365,2,1
37,michel,537366,1,2
37,michel,537367,2,2
37,michel,537368,1,0
37,michel,537369,2,2
37,michel,537370,2,1
37,michel,537371,0,0
37,michel,537372,0,2
37,michel,537373,1,1
37,michel,537374,2,2
37,michel,537391,1,2
37,michel,537392,1,0
37,michel,537393,2,0
37,michel,537394,2,0
37,michel,537395,0,1
37,michel,537396,2,2
37,michel,537397,1,0
37,michel,537398,0,1
37,michel,537399,2,2
37,michel,537400,1,2
37,michel,537401,1,0
37,michel,537402,2,1
37,michel,537403,0,0
37,michel,537404,0,1
37,michel,537405,2,2
37,michel,537406,2,2
37,michel,537407,0,2
37,michel,537408,0,0
37,michel,537409,1,2
37,michel,537410,2,2
37,michel,537411,0,0
37,michel,537412,1,0
37,michel,537413,1,1
37,michel,537414,1,0
38,raphael,537327,2,2
38,raphael,537328,2,0
38,raphael,537329,1,1
38,raphael,537330,1,0
38,raphael,537331,2,0
38,raphael,537332,0,2
38,raphael,537333,0,1
38,raphael,537334,0,2
38,raphael,537335,1,1
38,raphael,537336,2,1
38,raphael,537337,1,0
38,raphael,537338,0,1
38,raphael,537339,1,1
38,raphael,537340,1,2
38,raphael,537341,1,2
38,raphael,537342,0,0
38,raphael,537343,1,1
38,raphael,537344,0,1
38,raphael,537345,0,1
38,raphael,537346,2,1
38,raphael,537347,0,2
38,raphael,537348,0,0
38,raphael,537349,2,1
38,raphael,537350,1,0
38,raphael,537351,2,0
38,raphael,537352,0,2
38,raphael,537353,2,1
38,raphael,537354,2,2
38,raphael,537355,0,2
38,raphael,537356,2,0
38,raphael,537357,0,1
38,raphael,537358,0,1
38,raphael,537359,1,0
38,raphael,537360,1,1
38,raphael,537361,2,0
38,raphael,537362,2,1
38,raphael,537363,2,1
38,raphael,537364,0,2
38,raphael,537365,1,1
38,raphael,537366,1,0
38,raphael,537367,1,1
38,raphael,537368,2,0
38,raphael,537369,0,0
38,raphael,537370,0,2
38,raphael,537371,2,0
38,raphael,537372,0,1
38,raphael,537373,0,0
38,raphael,537374,0,2
38,raphael,537391,2,1
38,raphael,537392,0,1
38,raphael,537393,2,2
38,raphael,537394,2,1
38,raphael,537395,0,2
38,raphael,537396,1,2
38,raphael,537397,1,2
38,raphael,537398,1,0
38,raphael,537399,0,0
38,raphael,537400,2,1
38,raphael,537401,0,1
38,raphael,537402,2,2
38,raphael,537403,1,1
38,raphael,537404,2,2
38,raphael,537405,1,1
38,raphael,537406,1,2
38,raphael,537407,1,2
38,raphael,537408,1,1
38,raphael,537409,0,0
38,raphael,537410,1,1
38,raphael,537411,2,1
38,raphael,537412,2,1
38,raphael,537413,0,2
38,raphael,537414,0,2
39,fratz,537327,2,2
39,fratz,537328,2,0
39,fratz,537329,0,0
39,fratz,537330,2,2
39,fratz,537331,2,0
39,fratz,537332,0,2
39,fratz,537333,1,2
39,fratz,537334,2,2
39,fratz,537335,1,1
39,fratz,537336,2,2
39,fratz,537337,1,2
39,fratz,537338,2,0
39,fratz,537339,0,2
39,fratz,537340,0,1
39,fratz,537341,2,1
39,fratz,537342,0,1
39,fratz,537343,1,0
39,fratz,537344,0,2
39,fratz,537345,2,0
39,fratz,537346,1,0
39,fratz,537347,1,2
39,fratz,537348,0,2
39,fratz,537349,1,1
39,fratz,537350,0,0
39,fratz,537351,1,2
39,fratz,537352,0,2
39,fratz,537353,0,1
39,fratz,537354,0,0
39,fratz,537355,2,2
39,fratz,537356,1,1
39,fratz,537357,1,0
39,fratz,537358,0,1
39,fratz,537359,0,2
39,fratz,537360,2,2
39,fratz,537361,1,0
39,fratz,537362,1,2
39,fratz,537363,2,1
39,fratz,537364,1,2
39,fratz,537365,2,2
39,fratz,537366,2,0
39,fratz,537367,2,2
39,fratz,537368,1,2
39,fratz,537369,2,1
39,fratz,537370,1,0
39,fratz,537371,1,2
39,fratz,537372,2,1
39,fratz,537373,0,2
39,fratz,537374,2,2
39,fratz,537391,2,2
39,fratz,537392,1,1
39,fratz,537393,0,2
39,fratz,537394,0,2
39,fratz,537395,2,1
39,fratz,537396,1,2
39,fratz,537397,0,0
39,fratz,537398,0,1
39,fratz,537399,0,1
39,fratz,537400,0,0
39,fratz,537401,2,1
39,fratz,537402,2,0
39,fratz,537403,1,2
39,fratz,537404,2,0
39,fratz,537405,2,1
39,fratz,537406,1,0
39,fratz,537407,0,1
39,fratz,537408,2,1
39,fratz,537409,2,0
39,fratz,537410,2,1
39,fratz,537411,1,2
39,fratz,537412,2,0
39,fratz,537413,0,2
39,fratz,537414,0,2
40,bernardo,537327,1,2
40,bernardo,537328,2,2
40,bernardo,537329,2,2
40,bernardo,537330,1,1
40,bernardo,537331,0,1
40,bernardo,537332,2,0
40,bernardo,537333,2,0
40,bernardo,537334,2,1
40,bernardo,537335,1,1
40,bernardo,537336,2,1
40,bernardo,537337,2,2
40,bernardo,537338,1,1
40,bernardo,537339,2,2
40,bernardo,537340,1,2
40,bernardo,537341,2,0
40,bernardo,537342,0,0
40,bernardo,537343,1,0
40,bernardo,537344,1,0
40,bernardo,537345,1,0
40,bernardo,537346,1,1
40,bernardo,537347,0,1
40,bernardo,537348,1,2
40,bernardo,537349,2,0
40,bernardo,537350,1,1
40,bernardo,537351,0,0
40,bernardo,537352,2,0
40,bernardo,537353,0,0
40,bernardo,537354,1,2
40,bernardo,537355,1,1
40,bernardo,537356,0,0
40,bernardo,537357,1,2
40,bernardo,537358,1,2
40,bernardo,537359,2,2
40,bernardo,537360,2,1
40,bernardo,537361,1,0
40,bernardo,537362,2,0
40,bernardo,537363,0,2
40,bernardo,537364,2,0
40,bernardo,537365,2,2
40,bernardo,537366,0,2
40,bernardo,537367,2,1
40,bernardo,537368,0,0
40,bernardo,537369,1,0
40,bernardo,537370,1,1
40,bernardo,537371,0,1
40,bernardo,537372,2,1
40,bernardo,537373,0,0
40,bernardo,537374,2,2
40,bernardo,537391,0,1
40,bernardo,537392,1,0
40,bernardo,537393,1,1
40,bernardo,537394,0,1
40,bernardo,537395,0,0
40,bernardo,537396,0,2
40,bernardo,537397,2,2
40,bernardo,537398,1,0
40,bernardo,537399,1,2
40,bernardo,537400,2,2
40,bernardo,537401,0,1
40,bernardo,537402,1,0
40,bernardo,537403,1,1
40,bernardo,537404,0,2
40,bernardo,537405,2,1
40,bernardo,537406,1,1
40,bernardo,537407,0,2
40,bernardo,537408,1,0
40,bernardo,537409,2,2
40,bernardo,537410,2,1
40,bernardo,537411,2,1
40,bernardo,537412,1,0
40,bernardo,537413,2,2
40,bernardo,537414,1,1
